,Data,AUD,BGN,CAD,CHF,CZK,DKK,EGP,EUR,GBP,100 HUF,100 JPY,MDL,NOK,PLN,RUB,SEK,TRY,USD,ZAR,BRL,CNY,INR,100 KRW,MXN,NZD,RSD,UAH,AED,HRK,THB,XAU,XDR
0,12.04.2022,3.3799,2.5264,3.5922,4.8737,0.2022,0.6643,0.245,4.9412,5.9126,1.307,3.6197,0.2459,0.5151,1.0628,0.0544,0.4788,0.3096,4.5466,0.3122,0.9683,0.7138,0.0597,0.3693,0.229,3.1068,0.042,0.154,1.2378,0.6544,0.1352,285.3875,6.2243
1,12.04.2022,3.3799,2.5264,3.5922,4.8737,0.2022,0.6643,0.245,4.9412,5.9126,1.307,3.6197,0.2459,0.5151,1.0628,0.0544,0.4788,0.3096,4.5466,0.3122,0.9683,0.7138,0.0597,0.3693,0.229,3.1068,0.042,0.154,1.2378,0.6544,0.1352,285.3875,6.2243
2,12.04.2022,3.3799,2.5264,3.5922,4.8737,0.2022,0.6643,0.245,4.9412,5.9126,1.307,3.6197,0.2459,0.5151,1.0628,0.0544,0.4788,0.3096,4.5466,0.3122,0.9683,0.7138,0.0597,0.3693,0.229,3.1068,0.042,0.154,1.2378,0.6544,0.1352,285.3875,6.2243
3,12.04.2022,3.3799,2.5264,3.5922,4.8737,0.2022,0.6643,0.245,4.9412,5.9126,1.307,3.6197,0.2459,0.5151,1.0628,0.0544,0.4788,0.3096,4.5466,0.3122,0.9683,0.7138,0.0597,0.3693,0.229,3.1068,0.042,0.154,1.2378,0.6544,0.1352,285.3875,6.2243
4,12.04.2022,3.3799,2.5264,3.5922,4.8737,0.2022,0.6643,0.245,4.9412,5.9126,1.307,3.6197,0.2459,0.5151,1.0628,0.0544,0.4788,0.3096,4.5466,0.3122,0.9683,0.7138,0.0597,0.3693,0.229,3.1068,0.042,0.154,1.2378,0.6544,0.1352,285.3875,6.2243
5,12.04.2022,3.3799,2.5264,3.5922,4.8737,0.2022,0.6643,0.245,4.9412,5.9126,1.307,3.6197,0.2459,0.5151,1.0628,0.0544,0.4788,0.3096,4.5466,0.3122,0.9683,0.7138,0.0597,0.3693,0.229,3.1068,0.042,0.154,1.2378,0.6544,0.1352,285.3875,6.2243
6,12.04.2022,3.3799,2.5264,3.5922,4.8737,0.2022,0.6643,0.245,4.9412,5.9126,1.307,3.6197,0.2459,0.5151,1.0628,0.0544,0.4788,0.3096,4.5466,0.3122,0.9683,0.7138,0.0597,0.3693,0.229,3.1068,0.042,0.154,1.2378,0.6544,0.1352,285.3875,6.2243
7,12.04.2022,3.3799,2.5264,3.5922,4.8737,0.2022,0.6643,0.245,4.9412,5.9126,1.307,3.6197,0.2459,0.5151,1.0628,0.0544,0.4788,0.3096,4.5466,0.3122,0.9683,0.7138,0.0597,0.3693,0.229,3.1068,0.042,0.154,1.2378,0.6544,0.1352,285.3875,6.2243
8,12.04.2022,3.3799,2.5264,3.5922,4.8737,0.2022,0.6643,0.245,4.9412,5.9126,1.307,3.6197,0.2459,0.5151,1.0628,0.0544,0.4788,0.3096,4.5466,0.3122,0.9683,0.7138,0.0597,0.3693,0.229,3.1068,0.042,0.154,1.2378,0.6544,0.1352,285.3875,6.2243
9,12.04.2022,3.3799,2.5264,3.5922,4.8737,0.2022,0.6643,0.245,4.9412,5.9126,1.307,3.6197,0.2459,0.5151,1.0628,0.0544,0.4788,0.3096,4.5466,0.3122,0.9683,0.7138,0.0597,0.3693,0.229,3.1068,0.042,0.154,1.2378,0.6544,0.1352,285.3875,6.2243
10,12.04.2022,3.3799,2.5264,3.5922,4.8737,0.2022,0.6643,0.245,4.9412,5.9126,1.307,3.6197,0.2459,0.5151,1.0628,0.0544,0.4788,0.3096,4.5466,0.3122,0.9683,0.7138,0.0597,0.3693,0.229,3.1068,0.042,0.154,1.2378,0.6544,0.1352,285.3875,6.2243
11,12.04.2022,3.3799,2.5264,3.5922,4.8737,0.2022,0.6643,0.245,4.9412,5.9126,1.307,3.6197,0.2459,0.5151,1.0628,0.0544,0.4788,0.3096,4.5466,0.3122,0.9683,0.7138,0.0597,0.3693,0.229,3.1068,0.042,0.154,1.2378,0.6544,0.1352,285.3875,6.2243
12,12.04.2022,3.3799,2.5264,3.5922,4.8737,0.2022,0.6643,0.245,4.9412,5.9126,1.307,3.6197,0.2459,0.5151,1.0628,0.0544,0.4788,0.3096,4.5466,0.3122,0.9683,0.7138,0.0597,0.3693,0.229,3.1068,0.042,0.154,1.2378,0.6544,0.1352,285.3875,6.2243
13,12.04.2022,3.3799,2.5264,3.5922,4.8737,0.2022,0.6643,0.245,4.9412,5.9126,1.307,3.6197,0.2459,0.5151,1.0628,0.0544,0.4788,0.3096,4.5466,0.3122,0.9683,0.7138,0.0597,0.3693,0.229,3.1068,0.042,0.154,1.2378,0.6544,0.1352,285.3875,6.2243
14,12.04.2022,3.3799,2.5264,3.5922,4.8737,0.2022,0.6643,0.245,4.9412,5.9126,1.307,3.6197,0.2459,0.5151,1.0628,0.0544,0.4788,0.3096,4.5466,0.3122,0.9683,0.7138,0.0597,0.3693,0.229,3.1068,0.042,0.154,1.2378,0.6544,0.1352,285.3875,6.2243
15,12.04.2022,3.3799,2.5264,3.5922,4.8737,0.2022,0.6643,0.245,4.9412,5.9126,1.307,3.6197,0.2459,0.5151,1.0628,0.0544,0.4788,0.3096,4.5466,0.3122,0.9683,0.7138,0.0597,0.3693,0.229,3.1068,0.042,0.154,1.2378,0.6544,0.1352,285.3875,6.2243
16,12.04.2022,3.3799,2.5264,3.5922,4.8737,0.2022,0.6643,0.245,4.9412,5.9126,1.307,3.6197,0.2459,0.5151,1.0628,0.0544,0.4788,0.3096,4.5466,0.3122,0.9683,0.7138,0.0597,0.3693,0.229,3.1068,0.042,0.154,1.2378,0.6544,0.1352,285.3875,6.2243
17,12.04.2022,3.3799,2.5264,3.5922,4.8737,0.2022,0.6643,0.245,4.9412,5.9126,1.307,3.6197,0.2459,0.5151,1.0628,0.0544,0.4788,0.3096,4.5466,0.3122,0.9683,0.7138,0.0597,0.3693,0.229,3.1068,0.042,0.154,1.2378,0.6544,0.1352,285.3875,6.2243
18,12.04.2022,3.3799,2.5264,3.5922,4.8737,0.2022,0.6643,0.245,4.9412,5.9126,1.307,3.6197,0.2459,0.5151,1.0628,0.0544,0.4788,0.3096,4.5466,0.3122,0.9683,0.7138,0.0597,0.3693,0.229,3.1068,0.042,0.154,1.2378,0.6544,0.1352,285.3875,6.2243
19,12.04.2022,3.3799,2.5264,3.5922,4.8737,0.2022,0.6643,0.245,4.9412,5.9126,1.307,3.6197,0.2459,0.5151,1.0628,0.0544,0.4788,0.3096,4.5466,0.3122,0.9683,0.7138,0.0597,0.3693,0.229,3.1068,0.042,0.154,1.2378,0.6544,0.1352,285.3875,6.2243
20,12.04.2022,3.3799,2.5264,3.5922,4.8737,0.2022,0.6643,0.245,4.9412,5.9126,1.307,3.6197,0.2459,0.5151,1.0628,0.0544,0.4788,0.3096,4.5466,0.3122,0.9683,0.7138,0.0597,0.3693,0.229,3.1068,0.042,0.154,1.2378,0.6544,0.1352,285.3875,6.2243
21,12.04.2022,3.3799,2.5264,3.5922,4.8737,0.2022,0.6643,0.245,4.9412,5.9126,1.307,3.6197,0.2459,0.5151,1.0628,0.0544,0.4788,0.3096,4.5466,0.3122,0.9683,0.7138,0.0597,0.3693,0.229,3.1068,0.042,0.154,1.2378,0.6544,0.1352,285.3875,6.2243
22,12.04.2022,3.3799,2.5264,3.5922,4.8737,0.2022,0.6643,0.245,4.9412,5.9126,1.307,3.6197,0.2459,0.5151,1.0628,0.0544,0.4788,0.3096,4.5466,0.3122,0.9683,0.7138,0.0597,0.3693,0.229,3.1068,0.042,0.154,1.2378,0.6544,0.1352,285.3875,6.2243
23,12.04.2022,3.3799,2.5264,3.5922,4.8737,0.2022,0.6643,0.245,4.9412,5.9126,1.307,3.6197,0.2459,0.5151,1.0628,0.0544,0.4788,0.3096,4.5466,0.3122,0.9683,0.7138,0.0597,0.3693,0.229,3.1068,0.042,0.154,1.2378,0.6544,0.1352,285.3875,6.2243
24,12.04.2022,3.3799,2.5264,3.5922,4.8737,0.2022,0.6643,0.245,4.9412,5.9126,1.307,3.6197,0.2459,0.5151,1.0628,0.0544,0.4788,0.3096,4.5466,0.3122,0.9683,0.7138,0.0597,0.3693,0.229,3.1068,0.042,0.154,1.2378,0.6544,0.1352,285.3875,6.2243
25,12.04.2022,3.3799,2.5264,3.5922,4.8737,0.2022,0.6643,0.245,4.9412,5.9126,1.307,3.6197,0.2459,0.5151,1.0628,0.0544,0.4788,0.3096,4.5466,0.3122,0.9683,0.7138,0.0597,0.3693,0.229,3.1068,0.042,0.154,1.2378,0.6544,0.1352,285.3875,6.2243
26,12.04.2022,3.3799,2.5264,3.5922,4.8737,0.2022,0.6643,0.245,4.9412,5.9126,1.307,3.6197,0.2459,0.5151,1.0628,0.0544,0.4788,0.3096,4.5466,0.3122,0.9683,0.7138,0.0597,0.3693,0.229,3.1068,0.042,0.154,1.2378,0.6544,0.1352,285.3875,6.2243
27,12.04.2022,3.3799,2.5264,3.5922,4.8737,0.2022,0.6643,0.245,4.9412,5.9126,1.307,3.6197,0.2459,0.5151,1.0628,0.0544,0.4788,0.3096,4.5466,0.3122,0.9683,0.7138,0.0597,0.3693,0.229,3.1068,0.042,0.154,1.2378,0.6544,0.1352,285.3875,6.2243
28,12.04.2022,3.3799,2.5264,3.5922,4.8737,0.2022,0.6643,0.245,4.9412,5.9126,1.307,3.6197,0.2459,0.5151,1.0628,0.0544,0.4788,0.3096,4.5466,0.3122,0.9683,0.7138,0.0597,0.3693,0.229,3.1068,0.042,0.154,1.2378,0.6544,0.1352,285.3875,6.2243
29,12.04.2022,3.3799,2.5264,3.5922,4.8737,0.2022,0.6643,0.245,4.9412,5.9126,1.307,3.6197,0.2459,0.5151,1.0628,0.0544,0.4788,0.3096,4.5466,0.3122,0.9683,0.7138,0.0597,0.3693,0.229,3.1068,0.042,0.154,1.2378,0.6544,0.1352,285.3875,6.2243
30,12.04.2022,3.3799,2.5264,3.5922,4.8737,0.2022,0.6643,0.245,4.9412,5.9126,1.307,3.6197,0.2459,0.5151,1.0628,0.0544,0.4788,0.3096,4.5466,0.3122,0.9683,0.7138,0.0597,0.3693,0.229,3.1068,0.042,0.154,1.2378,0.6544,0.1352,285.3875,6.2243
31,12.04.2022,3.3799,2.5264,3.5922,4.8737,0.2022,0.6643,0.245,4.9412,5.9126,1.307,3.6197,0.2459,0.5151,1.0628,0.0544,0.4788,0.3096,4.5466,0.3122,0.9683,0.7138,0.0597,0.3693,0.229,3.1068,0.042,0.154,1.2378,0.6544,0.1352,285.3875,6.2243
32,12.04.2022,3.3799,2.5264,3.5922,4.8737,0.2022,0.6643,0.245,4.9412,5.9126,1.307,3.6197,0.2459,0.5151,1.0628,0.0544,0.4788,0.3096,4.5466,0.3122,0.9683,0.7138,0.0597,0.3693,0.229,3.1068,0.042,0.154,1.2378,0.6544,0.1352,285.3875,6.2243
33,11.04.2022,3.3686,2.5262,3.5952,4.8445,0.2021,0.6643,0.2459,4.9409,5.9017,1.305,3.6078,0.2467,0.5181,1.0628,0.0558,0.4793,0.3069,4.523,0.3096,0.9631,0.7102,0.0595,0.3667,0.2267,3.0949,0.042,0.1538,1.2314,0.6546,0.1347,284.8316,6.2045
34,11.04.2022,3.3686,2.5262,3.5952,4.8445,0.2021,0.6643,0.2459,4.9409,5.9017,1.305,3.6078,0.2467,0.5181,1.0628,0.0558,0.4793,0.3069,4.523,0.3096,0.9631,0.7102,0.0595,0.3667,0.2267,3.0949,0.042,0.1538,1.2314,0.6546,0.1347,284.8316,6.2045
35,11.04.2022,3.3686,2.5262,3.5952,4.8445,0.2021,0.6643,0.2459,4.9409,5.9017,1.305,3.6078,0.2467,0.5181,1.0628,0.0558,0.4793,0.3069,4.523,0.3096,0.9631,0.7102,0.0595,0.3667,0.2267,3.0949,0.042,0.1538,1.2314,0.6546,0.1347,284.8316,6.2045
36,11.04.2022,3.3686,2.5262,3.5952,4.8445,0.2021,0.6643,0.2459,4.9409,5.9017,1.305,3.6078,0.2467,0.5181,1.0628,0.0558,0.4793,0.3069,4.523,0.3096,0.9631,0.7102,0.0595,0.3667,0.2267,3.0949,0.042,0.1538,1.2314,0.6546,0.1347,284.8316,6.2045
37,11.04.2022,3.3686,2.5262,3.5952,4.8445,0.2021,0.6643,0.2459,4.9409,5.9017,1.305,3.6078,0.2467,0.5181,1.0628,0.0558,0.4793,0.3069,4.523,0.3096,0.9631,0.7102,0.0595,0.3667,0.2267,3.0949,0.042,0.1538,1.2314,0.6546,0.1347,284.8316,6.2045
38,11.04.2022,3.3686,2.5262,3.5952,4.8445,0.2021,0.6643,0.2459,4.9409,5.9017,1.305,3.6078,0.2467,0.5181,1.0628,0.0558,0.4793,0.3069,4.523,0.3096,0.9631,0.7102,0.0595,0.3667,0.2267,3.0949,0.042,0.1538,1.2314,0.6546,0.1347,284.8316,6.2045
39,11.04.2022,3.3686,2.5262,3.5952,4.8445,0.2021,0.6643,0.2459,4.9409,5.9017,1.305,3.6078,0.2467,0.5181,1.0628,0.0558,0.4793,0.3069,4.523,0.3096,0.9631,0.7102,0.0595,0.3667,0.2267,3.0949,0.042,0.1538,1.2314,0.6546,0.1347,284.8316,6.2045
40,11.04.2022,3.3686,2.5262,3.5952,4.8445,0.2021,0.6643,0.2459,4.9409,5.9017,1.305,3.6078,0.2467,0.5181,1.0628,0.0558,0.4793,0.3069,4.523,0.3096,0.9631,0.7102,0.0595,0.3667,0.2267,3.0949,0.042,0.1538,1.2314,0.6546,0.1347,284.8316,6.2045
41,11.04.2022,3.3686,2.5262,3.5952,4.8445,0.2021,0.6643,0.2459,4.9409,5.9017,1.305,3.6078,0.2467,0.5181,1.0628,0.0558,0.4793,0.3069,4.523,0.3096,0.9631,0.7102,0.0595,0.3667,0.2267,3.0949,0.042,0.1538,1.2314,0.6546,0.1347,284.8316,6.2045
42,11.04.2022,3.3686,2.5262,3.5952,4.8445,0.2021,0.6643,0.2459,4.9409,5.9017,1.305,3.6078,0.2467,0.5181,1.0628,0.0558,0.4793,0.3069,4.523,0.3096,0.9631,0.7102,0.0595,0.3667,0.2267,3.0949,0.042,0.1538,1.2314,0.6546,0.1347,284.8316,6.2045
43,11.04.2022,3.3686,2.5262,3.5952,4.8445,0.2021,0.6643,0.2459,4.9409,5.9017,1.305,3.6078,0.2467,0.5181,1.0628,0.0558,0.4793,0.3069,4.523,0.3096,0.9631,0.7102,0.0595,0.3667,0.2267,3.0949,0.042,0.1538,1.2314,0.6546,0.1347,284.8316,6.2045
44,11.04.2022,3.3686,2.5262,3.5952,4.8445,0.2021,0.6643,0.2459,4.9409,5.9017,1.305,3.6078,0.2467,0.5181,1.0628,0.0558,0.4793,0.3069,4.523,0.3096,0.9631,0.7102,0.0595,0.3667,0.2267,3.0949,0.042,0.1538,1.2314,0.6546,0.1347,284.8316,6.2045
45,11.04.2022,3.3686,2.5262,3.5952,4.8445,0.2021,0.6643,0.2459,4.9409,5.9017,1.305,3.6078,0.2467,0.5181,1.0628,0.0558,0.4793,0.3069,4.523,0.3096,0.9631,0.7102,0.0595,0.3667,0.2267,3.0949,0.042,0.1538,1.2314,0.6546,0.1347,284.8316,6.2045
46,11.04.2022,3.3686,2.5262,3.5952,4.8445,0.2021,0.6643,0.2459,4.9409,5.9017,1.305,3.6078,0.2467,0.5181,1.0628,0.0558,0.4793,0.3069,4.523,0.3096,0.9631,0.7102,0.0595,0.3667,0.2267,3.0949,0.042,0.1538,1.2314,0.6546,0.1347,284.8316,6.2045
47,11.04.2022,3.3686,2.5262,3.5952,4.8445,0.2021,0.6643,0.2459,4.9409,5.9017,1.305,3.6078,0.2467,0.5181,1.0628,0.0558,0.4793,0.3069,4.523,0.3096,0.9631,0.7102,0.0595,0.3667,0.2267,3.0949,0.042,0.1538,1.2314,0.6546,0.1347,284.8316,6.2045
48,11.04.2022,3.3686,2.5262,3.5952,4.8445,0.2021,0.6643,0.2459,4.9409,5.9017,1.305,3.6078,0.2467,0.5181,1.0628,0.0558,0.4793,0.3069,4.523,0.3096,0.9631,0.7102,0.0595,0.3667,0.2267,3.0949,0.042,0.1538,1.2314,0.6546,0.1347,284.8316,6.2045
49,11.04.2022,3.3686,2.5262,3.5952,4.8445,0.2021,0.6643,0.2459,4.9409,5.9017,1.305,3.6078,0.2467,0.5181,1.0628,0.0558,0.4793,0.3069,4.523,0.3096,0.9631,0.7102,0.0595,0.3667,0.2267,3.0949,0.042,0.1538,1.2314,0.6546,0.1347,284.8316,6.2045
50,11.04.2022,3.3686,2.5262,3.5952,4.8445,0.2021,0.6643,0.2459,4.9409,5.9017,1.305,3.6078,0.2467,0.5181,1.0628,0.0558,0.4793,0.3069,4.523,0.3096,0.9631,0.7102,0.0595,0.3667,0.2267,3.0949,0.042,0.1538,1.2314,0.6546,0.1347,284.8316,6.2045
51,11.04.2022,3.3686,2.5262,3.5952,4.8445,0.2021,0.6643,0.2459,4.9409,5.9017,1.305,3.6078,0.2467,0.5181,1.0628,0.0558,0.4793,0.3069,4.523,0.3096,0.9631,0.7102,0.0595,0.3667,0.2267,3.0949,0.042,0.1538,1.2314,0.6546,0.1347,284.8316,6.2045
52,11.04.2022,3.3686,2.5262,3.5952,4.8445,0.2021,0.6643,0.2459,4.9409,5.9017,1.305,3.6078,0.2467,0.5181,1.0628,0.0558,0.4793,0.3069,4.523,0.3096,0.9631,0.7102,0.0595,0.3667,0.2267,3.0949,0.042,0.1538,1.2314,0.6546,0.1347,284.8316,6.2045
53,11.04.2022,3.3686,2.5262,3.5952,4.8445,0.2021,0.6643,0.2459,4.9409,5.9017,1.305,3.6078,0.2467,0.5181,1.0628,0.0558,0.4793,0.3069,4.523,0.3096,0.9631,0.7102,0.0595,0.3667,0.2267,3.0949,0.042,0.1538,1.2314,0.6546,0.1347,284.8316,6.2045
54,11.04.2022,3.3686,2.5262,3.5952,4.8445,0.2021,0.6643,0.2459,4.9409,5.9017,1.305,3.6078,0.2467,0.5181,1.0628,0.0558,0.4793,0.3069,4.523,0.3096,0.9631,0.7102,0.0595,0.3667,0.2267,3.0949,0.042,0.1538,1.2314,0.6546,0.1347,284.8316,6.2045
55,11.04.2022,3.3686,2.5262,3.5952,4.8445,0.2021,0.6643,0.2459,4.9409,5.9017,1.305,3.6078,0.2467,0.5181,1.0628,0.0558,0.4793,0.3069,4.523,0.3096,0.9631,0.7102,0.0595,0.3667,0.2267,3.0949,0.042,0.1538,1.2314,0.6546,0.1347,284.8316,6.2045
56,11.04.2022,3.3686,2.5262,3.5952,4.8445,0.2021,0.6643,0.2459,4.9409,5.9017,1.305,3.6078,0.2467,0.5181,1.0628,0.0558,0.4793,0.3069,4.523,0.3096,0.9631,0.7102,0.0595,0.3667,0.2267,3.0949,0.042,0.1538,1.2314,0.6546,0.1347,284.8316,6.2045
57,11.04.2022,3.3686,2.5262,3.5952,4.8445,0.2021,0.6643,0.2459,4.9409,5.9017,1.305,3.6078,0.2467,0.5181,1.0628,0.0558,0.4793,0.3069,4.523,0.3096,0.9631,0.7102,0.0595,0.3667,0.2267,3.0949,0.042,0.1538,1.2314,0.6546,0.1347,284.8316,6.2045
58,11.04.2022,3.3686,2.5262,3.5952,4.8445,0.2021,0.6643,0.2459,4.9409,5.9017,1.305,3.6078,0.2467,0.5181,1.0628,0.0558,0.4793,0.3069,4.523,0.3096,0.9631,0.7102,0.0595,0.3667,0.2267,3.0949,0.042,0.1538,1.2314,0.6546,0.1347,284.8316,6.2045
59,11.04.2022,3.3686,2.5262,3.5952,4.8445,0.2021,0.6643,0.2459,4.9409,5.9017,1.305,3.6078,0.2467,0.5181,1.0628,0.0558,0.4793,0.3069,4.523,0.3096,0.9631,0.7102,0.0595,0.3667,0.2267,3.0949,0.042,0.1538,1.2314,0.6546,0.1347,284.8316,6.2045
60,11.04.2022,3.3686,2.5262,3.5952,4.8445,0.2021,0.6643,0.2459,4.9409,5.9017,1.305,3.6078,0.2467,0.5181,1.0628,0.0558,0.4793,0.3069,4.523,0.3096,0.9631,0.7102,0.0595,0.3667,0.2267,3.0949,0.042,0.1538,1.2314,0.6546,0.1347,284.8316,6.2045
61,11.04.2022,3.3686,2.5262,3.5952,4.8445,0.2021,0.6643,0.2459,4.9409,5.9017,1.305,3.6078,0.2467,0.5181,1.0628,0.0558,0.4793,0.3069,4.523,0.3096,0.9631,0.7102,0.0595,0.3667,0.2267,3.0949,0.042,0.1538,1.2314,0.6546,0.1347,284.8316,6.2045
62,11.04.2022,3.3686,2.5262,3.5952,4.8445,0.2021,0.6643,0.2459,4.9409,5.9017,1.305,3.6078,0.2467,0.5181,1.0628,0.0558,0.4793,0.3069,4.523,0.3096,0.9631,0.7102,0.0595,0.3667,0.2267,3.0949,0.042,0.1538,1.2314,0.6546,0.1347,284.8316,6.2045
63,11.04.2022,3.3686,2.5262,3.5952,4.8445,0.2021,0.6643,0.2459,4.9409,5.9017,1.305,3.6078,0.2467,0.5181,1.0628,0.0558,0.4793,0.3069,4.523,0.3096,0.9631,0.7102,0.0595,0.3667,0.2267,3.0949,0.042,0.1538,1.2314,0.6546,0.1347,284.8316,6.2045
64,11.04.2022,3.3686,2.5262,3.5952,4.8445,0.2021,0.6643,0.2459,4.9409,5.9017,1.305,3.6078,0.2467,0.5181,1.0628,0.0558,0.4793,0.3069,4.523,0.3096,0.9631,0.7102,0.0595,0.3667,0.2267,3.0949,0.042,0.1538,1.2314,0.6546,0.1347,284.8316,6.2045
65,11.04.2022,3.3686,2.5262,3.5952,4.8445,0.2021,0.6643,0.2459,4.9409,5.9017,1.305,3.6078,0.2467,0.5181,1.0628,0.0558,0.4793,0.3069,4.523,0.3096,0.9631,0.7102,0.0595,0.3667,0.2267,3.0949,0.042,0.1538,1.2314,0.6546,0.1347,284.8316,6.2045
66,08.04.2022,3.3908,2.5268,3.6095,4.86,0.2017,0.6645,0.2478,4.9419,5.9298,1.3091,3.6634,0.247,0.5177,1.0647,0.0574,0.4798,0.3081,4.5455,0.3084,0.9563,0.7144,0.0599,0.3705,0.2257,3.1149,0.042,0.1546,1.2375,0.6538,0.1352,282.3543,6.2314
67,08.04.2022,3.3908,2.5268,3.6095,4.86,0.2017,0.6645,0.2478,4.9419,5.9298,1.3091,3.6634,0.247,0.5177,1.0647,0.0574,0.4798,0.3081,4.5455,0.3084,0.9563,0.7144,0.0599,0.3705,0.2257,3.1149,0.042,0.1546,1.2375,0.6538,0.1352,282.3543,6.2314
68,08.04.2022,3.3908,2.5268,3.6095,4.86,0.2017,0.6645,0.2478,4.9419,5.9298,1.3091,3.6634,0.247,0.5177,1.0647,0.0574,0.4798,0.3081,4.5455,0.3084,0.9563,0.7144,0.0599,0.3705,0.2257,3.1149,0.042,0.1546,1.2375,0.6538,0.1352,282.3543,6.2314
69,08.04.2022,3.3908,2.5268,3.6095,4.86,0.2017,0.6645,0.2478,4.9419,5.9298,1.3091,3.6634,0.247,0.5177,1.0647,0.0574,0.4798,0.3081,4.5455,0.3084,0.9563,0.7144,0.0599,0.3705,0.2257,3.1149,0.042,0.1546,1.2375,0.6538,0.1352,282.3543,6.2314
70,08.04.2022,3.3908,2.5268,3.6095,4.86,0.2017,0.6645,0.2478,4.9419,5.9298,1.3091,3.6634,0.247,0.5177,1.0647,0.0574,0.4798,0.3081,4.5455,0.3084,0.9563,0.7144,0.0599,0.3705,0.2257,3.1149,0.042,0.1546,1.2375,0.6538,0.1352,282.3543,6.2314
71,08.04.2022,3.3908,2.5268,3.6095,4.86,0.2017,0.6645,0.2478,4.9419,5.9298,1.3091,3.6634,0.247,0.5177,1.0647,0.0574,0.4798,0.3081,4.5455,0.3084,0.9563,0.7144,0.0599,0.3705,0.2257,3.1149,0.042,0.1546,1.2375,0.6538,0.1352,282.3543,6.2314
72,08.04.2022,3.3908,2.5268,3.6095,4.86,0.2017,0.6645,0.2478,4.9419,5.9298,1.3091,3.6634,0.247,0.5177,1.0647,0.0574,0.4798,0.3081,4.5455,0.3084,0.9563,0.7144,0.0599,0.3705,0.2257,3.1149,0.042,0.1546,1.2375,0.6538,0.1352,282.3543,6.2314
73,08.04.2022,3.3908,2.5268,3.6095,4.86,0.2017,0.6645,0.2478,4.9419,5.9298,1.3091,3.6634,0.247,0.5177,1.0647,0.0574,0.4798,0.3081,4.5455,0.3084,0.9563,0.7144,0.0599,0.3705,0.2257,3.1149,0.042,0.1546,1.2375,0.6538,0.1352,282.3543,6.2314
74,08.04.2022,3.3908,2.5268,3.6095,4.86,0.2017,0.6645,0.2478,4.9419,5.9298,1.3091,3.6634,0.247,0.5177,1.0647,0.0574,0.4798,0.3081,4.5455,0.3084,0.9563,0.7144,0.0599,0.3705,0.2257,3.1149,0.042,0.1546,1.2375,0.6538,0.1352,282.3543,6.2314
75,08.04.2022,3.3908,2.5268,3.6095,4.86,0.2017,0.6645,0.2478,4.9419,5.9298,1.3091,3.6634,0.247,0.5177,1.0647,0.0574,0.4798,0.3081,4.5455,0.3084,0.9563,0.7144,0.0599,0.3705,0.2257,3.1149,0.042,0.1546,1.2375,0.6538,0.1352,282.3543,6.2314
76,08.04.2022,3.3908,2.5268,3.6095,4.86,0.2017,0.6645,0.2478,4.9419,5.9298,1.3091,3.6634,0.247,0.5177,1.0647,0.0574,0.4798,0.3081,4.5455,0.3084,0.9563,0.7144,0.0599,0.3705,0.2257,3.1149,0.042,0.1546,1.2375,0.6538,0.1352,282.3543,6.2314
77,08.04.2022,3.3908,2.5268,3.6095,4.86,0.2017,0.6645,0.2478,4.9419,5.9298,1.3091,3.6634,0.247,0.5177,1.0647,0.0574,0.4798,0.3081,4.5455,0.3084,0.9563,0.7144,0.0599,0.3705,0.2257,3.1149,0.042,0.1546,1.2375,0.6538,0.1352,282.3543,6.2314
78,08.04.2022,3.3908,2.5268,3.6095,4.86,0.2017,0.6645,0.2478,4.9419,5.9298,1.3091,3.6634,0.247,0.5177,1.0647,0.0574,0.4798,0.3081,4.5455,0.3084,0.9563,0.7144,0.0599,0.3705,0.2257,3.1149,0.042,0.1546,1.2375,0.6538,0.1352,282.3543,6.2314
79,08.04.2022,3.3908,2.5268,3.6095,4.86,0.2017,0.6645,0.2478,4.9419,5.9298,1.3091,3.6634,0.247,0.5177,1.0647,0.0574,0.4798,0.3081,4.5455,0.3084,0.9563,0.7144,0.0599,0.3705,0.2257,3.1149,0.042,0.1546,1.2375,0.6538,0.1352,282.3543,6.2314
80,08.04.2022,3.3908,2.5268,3.6095,4.86,0.2017,0.6645,0.2478,4.9419,5.9298,1.3091,3.6634,0.247,0.5177,1.0647,0.0574,0.4798,0.3081,4.5455,0.3084,0.9563,0.7144,0.0599,0.3705,0.2257,3.1149,0.042,0.1546,1.2375,0.6538,0.1352,282.3543,6.2314
81,08.04.2022,3.3908,2.5268,3.6095,4.86,0.2017,0.6645,0.2478,4.9419,5.9298,1.3091,3.6634,0.247,0.5177,1.0647,0.0574,0.4798,0.3081,4.5455,0.3084,0.9563,0.7144,0.0599,0.3705,0.2257,3.1149,0.042,0.1546,1.2375,0.6538,0.1352,282.3543,6.2314
82,08.04.2022,3.3908,2.5268,3.6095,4.86,0.2017,0.6645,0.2478,4.9419,5.9298,1.3091,3.6634,0.247,0.5177,1.0647,0.0574,0.4798,0.3081,4.5455,0.3084,0.9563,0.7144,0.0599,0.3705,0.2257,3.1149,0.042,0.1546,1.2375,0.6538,0.1352,282.3543,6.2314
83,08.04.2022,3.3908,2.5268,3.6095,4.86,0.2017,0.6645,0.2478,4.9419,5.9298,1.3091,3.6634,0.247,0.5177,1.0647,0.0574,0.4798,0.3081,4.5455,0.3084,0.9563,0.7144,0.0599,0.3705,0.2257,3.1149,0.042,0.1546,1.2375,0.6538,0.1352,282.3543,6.2314
84,08.04.2022,3.3908,2.5268,3.6095,4.86,0.2017,0.6645,0.2478,4.9419,5.9298,1.3091,3.6634,0.247,0.5177,1.0647,0.0574,0.4798,0.3081,4.5455,0.3084,0.9563,0.7144,0.0599,0.3705,0.2257,3.1149,0.042,0.1546,1.2375,0.6538,0.1352,282.3543,6.2314
85,08.04.2022,3.3908,2.5268,3.6095,4.86,0.2017,0.6645,0.2478,4.9419,5.9298,1.3091,3.6634,0.247,0.5177,1.0647,0.0574,0.4798,0.3081,4.5455,0.3084,0.9563,0.7144,0.0599,0.3705,0.2257,3.1149,0.042,0.1546,1.2375,0.6538,0.1352,282.3543,6.2314
86,08.04.2022,3.3908,2.5268,3.6095,4.86,0.2017,0.6645,0.2478,4.9419,5.9298,1.3091,3.6634,0.247,0.5177,1.0647,0.0574,0.4798,0.3081,4.5455,0.3084,0.9563,0.7144,0.0599,0.3705,0.2257,3.1149,0.042,0.1546,1.2375,0.6538,0.1352,282.3543,6.2314
87,08.04.2022,3.3908,2.5268,3.6095,4.86,0.2017,0.6645,0.2478,4.9419,5.9298,1.3091,3.6634,0.247,0.5177,1.0647,0.0574,0.4798,0.3081,4.5455,0.3084,0.9563,0.7144,0.0599,0.3705,0.2257,3.1149,0.042,0.1546,1.2375,0.6538,0.1352,282.3543,6.2314
88,08.04.2022,3.3908,2.5268,3.6095,4.86,0.2017,0.6645,0.2478,4.9419,5.9298,1.3091,3.6634,0.247,0.5177,1.0647,0.0574,0.4798,0.3081,4.5455,0.3084,0.9563,0.7144,0.0599,0.3705,0.2257,3.1149,0.042,0.1546,1.2375,0.6538,0.1352,282.3543,6.2314
89,08.04.2022,3.3908,2.5268,3.6095,4.86,0.2017,0.6645,0.2478,4.9419,5.9298,1.3091,3.6634,0.247,0.5177,1.0647,0.0574,0.4798,0.3081,4.5455,0.3084,0.9563,0.7144,0.0599,0.3705,0.2257,3.1149,0.042,0.1546,1.2375,0.6538,0.1352,282.3543,6.2314
90,08.04.2022,3.3908,2.5268,3.6095,4.86,0.2017,0.6645,0.2478,4.9419,5.9298,1.3091,3.6634,0.247,0.5177,1.0647,0.0574,0.4798,0.3081,4.5455,0.3084,0.9563,0.7144,0.0599,0.3705,0.2257,3.1149,0.042,0.1546,1.2375,0.6538,0.1352,282.3543,6.2314
91,08.04.2022,3.3908,2.5268,3.6095,4.86,0.2017,0.6645,0.2478,4.9419,5.9298,1.3091,3.6634,0.247,0.5177,1.0647,0.0574,0.4798,0.3081,4.5455,0.3084,0.9563,0.7144,0.0599,0.3705,0.2257,3.1149,0.042,0.1546,1.2375,0.6538,0.1352,282.3543,6.2314
92,08.04.2022,3.3908,2.5268,3.6095,4.86,0.2017,0.6645,0.2478,4.9419,5.9298,1.3091,3.6634,0.247,0.5177,1.0647,0.0574,0.4798,0.3081,4.5455,0.3084,0.9563,0.7144,0.0599,0.3705,0.2257,3.1149,0.042,0.1546,1.2375,0.6538,0.1352,282.3543,6.2314
93,08.04.2022,3.3908,2.5268,3.6095,4.86,0.2017,0.6645,0.2478,4.9419,5.9298,1.3091,3.6634,0.247,0.5177,1.0647,0.0574,0.4798,0.3081,4.5455,0.3084,0.9563,0.7144,0.0599,0.3705,0.2257,3.1149,0.042,0.1546,1.2375,0.6538,0.1352,282.3543,6.2314
94,08.04.2022,3.3908,2.5268,3.6095,4.86,0.2017,0.6645,0.2478,4.9419,5.9298,1.3091,3.6634,0.247,0.5177,1.0647,0.0574,0.4798,0.3081,4.5455,0.3084,0.9563,0.7144,0.0599,0.3705,0.2257,3.1149,0.042,0.1546,1.2375,0.6538,0.1352,282.3543,6.2314
95,08.04.2022,3.3908,2.5268,3.6095,4.86,0.2017,0.6645,0.2478,4.9419,5.9298,1.3091,3.6634,0.247,0.5177,1.0647,0.0574,0.4798,0.3081,4.5455,0.3084,0.9563,0.7144,0.0599,0.3705,0.2257,3.1149,0.042,0.1546,1.2375,0.6538,0.1352,282.3543,6.2314
96,08.04.2022,3.3908,2.5268,3.6095,4.86,0.2017,0.6645,0.2478,4.9419,5.9298,1.3091,3.6634,0.247,0.5177,1.0647,0.0574,0.4798,0.3081,4.5455,0.3084,0.9563,0.7144,0.0599,0.3705,0.2257,3.1149,0.042,0.1546,1.2375,0.6538,0.1352,282.3543,6.2314
97,08.04.2022,3.3908,2.5268,3.6095,4.86,0.2017,0.6645,0.2478,4.9419,5.9298,1.3091,3.6634,0.247,0.5177,1.0647,0.0574,0.4798,0.3081,4.5455,0.3084,0.9563,0.7144,0.0599,0.3705,0.2257,3.1149,0.042,0.1546,1.2375,0.6538,0.1352,282.3543,6.2314
98,08.04.2022,3.3908,2.5268,3.6095,4.86,0.2017,0.6645,0.2478,4.9419,5.9298,1.3091,3.6634,0.247,0.5177,1.0647,0.0574,0.4798,0.3081,4.5455,0.3084,0.9563,0.7144,0.0599,0.3705,0.2257,3.1149,0.042,0.1546,1.2375,0.6538,0.1352,282.3543,6.2314
99,07.04.2022,3.3948,2.5271,3.6116,4.8617,0.2016,0.6645,0.2472,4.9426,5.9371,1.2967,3.6681,0.2468,0.5155,1.0622,0.0574,0.4795,0.3077,4.5378,0.3089,0.9621,0.7131,0.0597,0.3721,0.2256,3.1324,0.042,0.1543,1.2354,0.6547,0.1354,281.2279,6.2271
100,07.04.2022,3.3948,2.5271,3.6116,4.8617,0.2016,0.6645,0.2472,4.9426,5.9371,1.2967,3.6681,0.2468,0.5155,1.0622,0.0574,0.4795,0.3077,4.5378,0.3089,0.9621,0.7131,0.0597,0.3721,0.2256,3.1324,0.042,0.1543,1.2354,0.6547,0.1354,281.2279,6.2271
101,07.04.2022,3.3948,2.5271,3.6116,4.8617,0.2016,0.6645,0.2472,4.9426,5.9371,1.2967,3.6681,0.2468,0.5155,1.0622,0.0574,0.4795,0.3077,4.5378,0.3089,0.9621,0.7131,0.0597,0.3721,0.2256,3.1324,0.042,0.1543,1.2354,0.6547,0.1354,281.2279,6.2271
102,07.04.2022,3.3948,2.5271,3.6116,4.8617,0.2016,0.6645,0.2472,4.9426,5.9371,1.2967,3.6681,0.2468,0.5155,1.0622,0.0574,0.4795,0.3077,4.5378,0.3089,0.9621,0.7131,0.0597,0.3721,0.2256,3.1324,0.042,0.1543,1.2354,0.6547,0.1354,281.2279,6.2271
103,07.04.2022,3.3948,2.5271,3.6116,4.8617,0.2016,0.6645,0.2472,4.9426,5.9371,1.2967,3.6681,0.2468,0.5155,1.0622,0.0574,0.4795,0.3077,4.5378,0.3089,0.9621,0.7131,0.0597,0.3721,0.2256,3.1324,0.042,0.1543,1.2354,0.6547,0.1354,281.2279,6.2271
104,07.04.2022,3.3948,2.5271,3.6116,4.8617,0.2016,0.6645,0.2472,4.9426,5.9371,1.2967,3.6681,0.2468,0.5155,1.0622,0.0574,0.4795,0.3077,4.5378,0.3089,0.9621,0.7131,0.0597,0.3721,0.2256,3.1324,0.042,0.1543,1.2354,0.6547,0.1354,281.2279,6.2271
105,07.04.2022,3.3948,2.5271,3.6116,4.8617,0.2016,0.6645,0.2472,4.9426,5.9371,1.2967,3.6681,0.2468,0.5155,1.0622,0.0574,0.4795,0.3077,4.5378,0.3089,0.9621,0.7131,0.0597,0.3721,0.2256,3.1324,0.042,0.1543,1.2354,0.6547,0.1354,281.2279,6.2271
106,07.04.2022,3.3948,2.5271,3.6116,4.8617,0.2016,0.6645,0.2472,4.9426,5.9371,1.2967,3.6681,0.2468,0.5155,1.0622,0.0574,0.4795,0.3077,4.5378,0.3089,0.9621,0.7131,0.0597,0.3721,0.2256,3.1324,0.042,0.1543,1.2354,0.6547,0.1354,281.2279,6.2271
107,07.04.2022,3.3948,2.5271,3.6116,4.8617,0.2016,0.6645,0.2472,4.9426,5.9371,1.2967,3.6681,0.2468,0.5155,1.0622,0.0574,0.4795,0.3077,4.5378,0.3089,0.9621,0.7131,0.0597,0.3721,0.2256,3.1324,0.042,0.1543,1.2354,0.6547,0.1354,281.2279,6.2271
108,07.04.2022,3.3948,2.5271,3.6116,4.8617,0.2016,0.6645,0.2472,4.9426,5.9371,1.2967,3.6681,0.2468,0.5155,1.0622,0.0574,0.4795,0.3077,4.5378,0.3089,0.9621,0.7131,0.0597,0.3721,0.2256,3.1324,0.042,0.1543,1.2354,0.6547,0.1354,281.2279,6.2271
109,07.04.2022,3.3948,2.5271,3.6116,4.8617,0.2016,0.6645,0.2472,4.9426,5.9371,1.2967,3.6681,0.2468,0.5155,1.0622,0.0574,0.4795,0.3077,4.5378,0.3089,0.9621,0.7131,0.0597,0.3721,0.2256,3.1324,0.042,0.1543,1.2354,0.6547,0.1354,281.2279,6.2271
110,07.04.2022,3.3948,2.5271,3.6116,4.8617,0.2016,0.6645,0.2472,4.9426,5.9371,1.2967,3.6681,0.2468,0.5155,1.0622,0.0574,0.4795,0.3077,4.5378,0.3089,0.9621,0.7131,0.0597,0.3721,0.2256,3.1324,0.042,0.1543,1.2354,0.6547,0.1354,281.2279,6.2271
111,07.04.2022,3.3948,2.5271,3.6116,4.8617,0.2016,0.6645,0.2472,4.9426,5.9371,1.2967,3.6681,0.2468,0.5155,1.0622,0.0574,0.4795,0.3077,4.5378,0.3089,0.9621,0.7131,0.0597,0.3721,0.2256,3.1324,0.042,0.1543,1.2354,0.6547,0.1354,281.2279,6.2271
112,07.04.2022,3.3948,2.5271,3.6116,4.8617,0.2016,0.6645,0.2472,4.9426,5.9371,1.2967,3.6681,0.2468,0.5155,1.0622,0.0574,0.4795,0.3077,4.5378,0.3089,0.9621,0.7131,0.0597,0.3721,0.2256,3.1324,0.042,0.1543,1.2354,0.6547,0.1354,281.2279,6.2271
113,07.04.2022,3.3948,2.5271,3.6116,4.8617,0.2016,0.6645,0.2472,4.9426,5.9371,1.2967,3.6681,0.2468,0.5155,1.0622,0.0574,0.4795,0.3077,4.5378,0.3089,0.9621,0.7131,0.0597,0.3721,0.2256,3.1324,0.042,0.1543,1.2354,0.6547,0.1354,281.2279,6.2271
114,07.04.2022,3.3948,2.5271,3.6116,4.8617,0.2016,0.6645,0.2472,4.9426,5.9371,1.2967,3.6681,0.2468,0.5155,1.0622,0.0574,0.4795,0.3077,4.5378,0.3089,0.9621,0.7131,0.0597,0.3721,0.2256,3.1324,0.042,0.1543,1.2354,0.6547,0.1354,281.2279,6.2271
115,07.04.2022,3.3948,2.5271,3.6116,4.8617,0.2016,0.6645,0.2472,4.9426,5.9371,1.2967,3.6681,0.2468,0.5155,1.0622,0.0574,0.4795,0.3077,4.5378,0.3089,0.9621,0.7131,0.0597,0.3721,0.2256,3.1324,0.042,0.1543,1.2354,0.6547,0.1354,281.2279,6.2271
116,07.04.2022,3.3948,2.5271,3.6116,4.8617,0.2016,0.6645,0.2472,4.9426,5.9371,1.2967,3.6681,0.2468,0.5155,1.0622,0.0574,0.4795,0.3077,4.5378,0.3089,0.9621,0.7131,0.0597,0.3721,0.2256,3.1324,0.042,0.1543,1.2354,0.6547,0.1354,281.2279,6.2271
117,07.04.2022,3.3948,2.5271,3.6116,4.8617,0.2016,0.6645,0.2472,4.9426,5.9371,1.2967,3.6681,0.2468,0.5155,1.0622,0.0574,0.4795,0.3077,4.5378,0.3089,0.9621,0.7131,0.0597,0.3721,0.2256,3.1324,0.042,0.1543,1.2354,0.6547,0.1354,281.2279,6.2271
118,07.04.2022,3.3948,2.5271,3.6116,4.8617,0.2016,0.6645,0.2472,4.9426,5.9371,1.2967,3.6681,0.2468,0.5155,1.0622,0.0574,0.4795,0.3077,4.5378,0.3089,0.9621,0.7131,0.0597,0.3721,0.2256,3.1324,0.042,0.1543,1.2354,0.6547,0.1354,281.2279,6.2271
119,07.04.2022,3.3948,2.5271,3.6116,4.8617,0.2016,0.6645,0.2472,4.9426,5.9371,1.2967,3.6681,0.2468,0.5155,1.0622,0.0574,0.4795,0.3077,4.5378,0.3089,0.9621,0.7131,0.0597,0.3721,0.2256,3.1324,0.042,0.1543,1.2354,0.6547,0.1354,281.2279,6.2271
120,07.04.2022,3.3948,2.5271,3.6116,4.8617,0.2016,0.6645,0.2472,4.9426,5.9371,1.2967,3.6681,0.2468,0.5155,1.0622,0.0574,0.4795,0.3077,4.5378,0.3089,0.9621,0.7131,0.0597,0.3721,0.2256,3.1324,0.042,0.1543,1.2354,0.6547,0.1354,281.2279,6.2271
121,07.04.2022,3.3948,2.5271,3.6116,4.8617,0.2016,0.6645,0.2472,4.9426,5.9371,1.2967,3.6681,0.2468,0.5155,1.0622,0.0574,0.4795,0.3077,4.5378,0.3089,0.9621,0.7131,0.0597,0.3721,0.2256,3.1324,0.042,0.1543,1.2354,0.6547,0.1354,281.2279,6.2271
122,07.04.2022,3.3948,2.5271,3.6116,4.8617,0.2016,0.6645,0.2472,4.9426,5.9371,1.2967,3.6681,0.2468,0.5155,1.0622,0.0574,0.4795,0.3077,4.5378,0.3089,0.9621,0.7131,0.0597,0.3721,0.2256,3.1324,0.042,0.1543,1.2354,0.6547,0.1354,281.2279,6.2271
123,07.04.2022,3.3948,2.5271,3.6116,4.8617,0.2016,0.6645,0.2472,4.9426,5.9371,1.2967,3.6681,0.2468,0.5155,1.0622,0.0574,0.4795,0.3077,4.5378,0.3089,0.9621,0.7131,0.0597,0.3721,0.2256,3.1324,0.042,0.1543,1.2354,0.6547,0.1354,281.2279,6.2271
124,07.04.2022,3.3948,2.5271,3.6116,4.8617,0.2016,0.6645,0.2472,4.9426,5.9371,1.2967,3.6681,0.2468,0.5155,1.0622,0.0574,0.4795,0.3077,4.5378,0.3089,0.9621,0.7131,0.0597,0.3721,0.2256,3.1324,0.042,0.1543,1.2354,0.6547,0.1354,281.2279,6.2271
125,07.04.2022,3.3948,2.5271,3.6116,4.8617,0.2016,0.6645,0.2472,4.9426,5.9371,1.2967,3.6681,0.2468,0.5155,1.0622,0.0574,0.4795,0.3077,4.5378,0.3089,0.9621,0.7131,0.0597,0.3721,0.2256,3.1324,0.042,0.1543,1.2354,0.6547,0.1354,281.2279,6.2271
126,07.04.2022,3.3948,2.5271,3.6116,4.8617,0.2016,0.6645,0.2472,4.9426,5.9371,1.2967,3.6681,0.2468,0.5155,1.0622,0.0574,0.4795,0.3077,4.5378,0.3089,0.9621,0.7131,0.0597,0.3721,0.2256,3.1324,0.042,0.1543,1.2354,0.6547,0.1354,281.2279,6.2271
127,07.04.2022,3.3948,2.5271,3.6116,4.8617,0.2016,0.6645,0.2472,4.9426,5.9371,1.2967,3.6681,0.2468,0.5155,1.0622,0.0574,0.4795,0.3077,4.5378,0.3089,0.9621,0.7131,0.0597,0.3721,0.2256,3.1324,0.042,0.1543,1.2354,0.6547,0.1354,281.2279,6.2271
128,07.04.2022,3.3948,2.5271,3.6116,4.8617,0.2016,0.6645,0.2472,4.9426,5.9371,1.2967,3.6681,0.2468,0.5155,1.0622,0.0574,0.4795,0.3077,4.5378,0.3089,0.9621,0.7131,0.0597,0.3721,0.2256,3.1324,0.042,0.1543,1.2354,0.6547,0.1354,281.2279,6.2271
129,07.04.2022,3.3948,2.5271,3.6116,4.8617,0.2016,0.6645,0.2472,4.9426,5.9371,1.2967,3.6681,0.2468,0.5155,1.0622,0.0574,0.4795,0.3077,4.5378,0.3089,0.9621,0.7131,0.0597,0.3721,0.2256,3.1324,0.042,0.1543,1.2354,0.6547,0.1354,281.2279,6.2271
130,07.04.2022,3.3948,2.5271,3.6116,4.8617,0.2016,0.6645,0.2472,4.9426,5.9371,1.2967,3.6681,0.2468,0.5155,1.0622,0.0574,0.4795,0.3077,4.5378,0.3089,0.9621,0.7131,0.0597,0.3721,0.2256,3.1324,0.042,0.1543,1.2354,0.6547,0.1354,281.2279,6.2271
131,07.04.2022,3.3948,2.5271,3.6116,4.8617,0.2016,0.6645,0.2472,4.9426,5.9371,1.2967,3.6681,0.2468,0.5155,1.0622,0.0574,0.4795,0.3077,4.5378,0.3089,0.9621,0.7131,0.0597,0.3721,0.2256,3.1324,0.042,0.1543,1.2354,0.6547,0.1354,281.2279,6.2271
132,06.04.2022,3.4354,2.5282,3.6261,4.8561,0.2023,0.6648,0.2474,4.9447,5.9339,1.3038,3.658,0.2456,0.5173,1.0631,0.0539,0.481,0.3073,4.5304,0.3095,0.9738,0.7121,0.0598,0.3723,0.2263,3.155,0.042,0.1541,1.2334,0.6552,0.135,281.0938,6.221
133,06.04.2022,3.4354,2.5282,3.6261,4.8561,0.2023,0.6648,0.2474,4.9447,5.9339,1.3038,3.658,0.2456,0.5173,1.0631,0.0539,0.481,0.3073,4.5304,0.3095,0.9738,0.7121,0.0598,0.3723,0.2263,3.155,0.042,0.1541,1.2334,0.6552,0.135,281.0938,6.221
134,06.04.2022,3.4354,2.5282,3.6261,4.8561,0.2023,0.6648,0.2474,4.9447,5.9339,1.3038,3.658,0.2456,0.5173,1.0631,0.0539,0.481,0.3073,4.5304,0.3095,0.9738,0.7121,0.0598,0.3723,0.2263,3.155,0.042,0.1541,1.2334,0.6552,0.135,281.0938,6.221
135,06.04.2022,3.4354,2.5282,3.6261,4.8561,0.2023,0.6648,0.2474,4.9447,5.9339,1.3038,3.658,0.2456,0.5173,1.0631,0.0539,0.481,0.3073,4.5304,0.3095,0.9738,0.7121,0.0598,0.3723,0.2263,3.155,0.042,0.1541,1.2334,0.6552,0.135,281.0938,6.221
136,06.04.2022,3.4354,2.5282,3.6261,4.8561,0.2023,0.6648,0.2474,4.9447,5.9339,1.3038,3.658,0.2456,0.5173,1.0631,0.0539,0.481,0.3073,4.5304,0.3095,0.9738,0.7121,0.0598,0.3723,0.2263,3.155,0.042,0.1541,1.2334,0.6552,0.135,281.0938,6.221
137,06.04.2022,3.4354,2.5282,3.6261,4.8561,0.2023,0.6648,0.2474,4.9447,5.9339,1.3038,3.658,0.2456,0.5173,1.0631,0.0539,0.481,0.3073,4.5304,0.3095,0.9738,0.7121,0.0598,0.3723,0.2263,3.155,0.042,0.1541,1.2334,0.6552,0.135,281.0938,6.221
138,06.04.2022,3.4354,2.5282,3.6261,4.8561,0.2023,0.6648,0.2474,4.9447,5.9339,1.3038,3.658,0.2456,0.5173,1.0631,0.0539,0.481,0.3073,4.5304,0.3095,0.9738,0.7121,0.0598,0.3723,0.2263,3.155,0.042,0.1541,1.2334,0.6552,0.135,281.0938,6.221
139,06.04.2022,3.4354,2.5282,3.6261,4.8561,0.2023,0.6648,0.2474,4.9447,5.9339,1.3038,3.658,0.2456,0.5173,1.0631,0.0539,0.481,0.3073,4.5304,0.3095,0.9738,0.7121,0.0598,0.3723,0.2263,3.155,0.042,0.1541,1.2334,0.6552,0.135,281.0938,6.221
140,06.04.2022,3.4354,2.5282,3.6261,4.8561,0.2023,0.6648,0.2474,4.9447,5.9339,1.3038,3.658,0.2456,0.5173,1.0631,0.0539,0.481,0.3073,4.5304,0.3095,0.9738,0.7121,0.0598,0.3723,0.2263,3.155,0.042,0.1541,1.2334,0.6552,0.135,281.0938,6.221
141,06.04.2022,3.4354,2.5282,3.6261,4.8561,0.2023,0.6648,0.2474,4.9447,5.9339,1.3038,3.658,0.2456,0.5173,1.0631,0.0539,0.481,0.3073,4.5304,0.3095,0.9738,0.7121,0.0598,0.3723,0.2263,3.155,0.042,0.1541,1.2334,0.6552,0.135,281.0938,6.221
142,06.04.2022,3.4354,2.5282,3.6261,4.8561,0.2023,0.6648,0.2474,4.9447,5.9339,1.3038,3.658,0.2456,0.5173,1.0631,0.0539,0.481,0.3073,4.5304,0.3095,0.9738,0.7121,0.0598,0.3723,0.2263,3.155,0.042,0.1541,1.2334,0.6552,0.135,281.0938,6.221
143,06.04.2022,3.4354,2.5282,3.6261,4.8561,0.2023,0.6648,0.2474,4.9447,5.9339,1.3038,3.658,0.2456,0.5173,1.0631,0.0539,0.481,0.3073,4.5304,0.3095,0.9738,0.7121,0.0598,0.3723,0.2263,3.155,0.042,0.1541,1.2334,0.6552,0.135,281.0938,6.221
144,06.04.2022,3.4354,2.5282,3.6261,4.8561,0.2023,0.6648,0.2474,4.9447,5.9339,1.3038,3.658,0.2456,0.5173,1.0631,0.0539,0.481,0.3073,4.5304,0.3095,0.9738,0.7121,0.0598,0.3723,0.2263,3.155,0.042,0.1541,1.2334,0.6552,0.135,281.0938,6.221
145,06.04.2022,3.4354,2.5282,3.6261,4.8561,0.2023,0.6648,0.2474,4.9447,5.9339,1.3038,3.658,0.2456,0.5173,1.0631,0.0539,0.481,0.3073,4.5304,0.3095,0.9738,0.7121,0.0598,0.3723,0.2263,3.155,0.042,0.1541,1.2334,0.6552,0.135,281.0938,6.221
146,06.04.2022,3.4354,2.5282,3.6261,4.8561,0.2023,0.6648,0.2474,4.9447,5.9339,1.3038,3.658,0.2456,0.5173,1.0631,0.0539,0.481,0.3073,4.5304,0.3095,0.9738,0.7121,0.0598,0.3723,0.2263,3.155,0.042,0.1541,1.2334,0.6552,0.135,281.0938,6.221
147,06.04.2022,3.4354,2.5282,3.6261,4.8561,0.2023,0.6648,0.2474,4.9447,5.9339,1.3038,3.658,0.2456,0.5173,1.0631,0.0539,0.481,0.3073,4.5304,0.3095,0.9738,0.7121,0.0598,0.3723,0.2263,3.155,0.042,0.1541,1.2334,0.6552,0.135,281.0938,6.221
148,06.04.2022,3.4354,2.5282,3.6261,4.8561,0.2023,0.6648,0.2474,4.9447,5.9339,1.3038,3.658,0.2456,0.5173,1.0631,0.0539,0.481,0.3073,4.5304,0.3095,0.9738,0.7121,0.0598,0.3723,0.2263,3.155,0.042,0.1541,1.2334,0.6552,0.135,281.0938,6.221
149,06.04.2022,3.4354,2.5282,3.6261,4.8561,0.2023,0.6648,0.2474,4.9447,5.9339,1.3038,3.658,0.2456,0.5173,1.0631,0.0539,0.481,0.3073,4.5304,0.3095,0.9738,0.7121,0.0598,0.3723,0.2263,3.155,0.042,0.1541,1.2334,0.6552,0.135,281.0938,6.221
150,06.04.2022,3.4354,2.5282,3.6261,4.8561,0.2023,0.6648,0.2474,4.9447,5.9339,1.3038,3.658,0.2456,0.5173,1.0631,0.0539,0.481,0.3073,4.5304,0.3095,0.9738,0.7121,0.0598,0.3723,0.2263,3.155,0.042,0.1541,1.2334,0.6552,0.135,281.0938,6.221
151,06.04.2022,3.4354,2.5282,3.6261,4.8561,0.2023,0.6648,0.2474,4.9447,5.9339,1.3038,3.658,0.2456,0.5173,1.0631,0.0539,0.481,0.3073,4.5304,0.3095,0.9738,0.7121,0.0598,0.3723,0.2263,3.155,0.042,0.1541,1.2334,0.6552,0.135,281.0938,6.221
152,06.04.2022,3.4354,2.5282,3.6261,4.8561,0.2023,0.6648,0.2474,4.9447,5.9339,1.3038,3.658,0.2456,0.5173,1.0631,0.0539,0.481,0.3073,4.5304,0.3095,0.9738,0.7121,0.0598,0.3723,0.2263,3.155,0.042,0.1541,1.2334,0.6552,0.135,281.0938,6.221
153,06.04.2022,3.4354,2.5282,3.6261,4.8561,0.2023,0.6648,0.2474,4.9447,5.9339,1.3038,3.658,0.2456,0.5173,1.0631,0.0539,0.481,0.3073,4.5304,0.3095,0.9738,0.7121,0.0598,0.3723,0.2263,3.155,0.042,0.1541,1.2334,0.6552,0.135,281.0938,6.221
154,06.04.2022,3.4354,2.5282,3.6261,4.8561,0.2023,0.6648,0.2474,4.9447,5.9339,1.3038,3.658,0.2456,0.5173,1.0631,0.0539,0.481,0.3073,4.5304,0.3095,0.9738,0.7121,0.0598,0.3723,0.2263,3.155,0.042,0.1541,1.2334,0.6552,0.135,281.0938,6.221
155,06.04.2022,3.4354,2.5282,3.6261,4.8561,0.2023,0.6648,0.2474,4.9447,5.9339,1.3038,3.658,0.2456,0.5173,1.0631,0.0539,0.481,0.3073,4.5304,0.3095,0.9738,0.7121,0.0598,0.3723,0.2263,3.155,0.042,0.1541,1.2334,0.6552,0.135,281.0938,6.221
156,06.04.2022,3.4354,2.5282,3.6261,4.8561,0.2023,0.6648,0.2474,4.9447,5.9339,1.3038,3.658,0.2456,0.5173,1.0631,0.0539,0.481,0.3073,4.5304,0.3095,0.9738,0.7121,0.0598,0.3723,0.2263,3.155,0.042,0.1541,1.2334,0.6552,0.135,281.0938,6.221
157,06.04.2022,3.4354,2.5282,3.6261,4.8561,0.2023,0.6648,0.2474,4.9447,5.9339,1.3038,3.658,0.2456,0.5173,1.0631,0.0539,0.481,0.3073,4.5304,0.3095,0.9738,0.7121,0.0598,0.3723,0.2263,3.155,0.042,0.1541,1.2334,0.6552,0.135,281.0938,6.221
158,06.04.2022,3.4354,2.5282,3.6261,4.8561,0.2023,0.6648,0.2474,4.9447,5.9339,1.3038,3.658,0.2456,0.5173,1.0631,0.0539,0.481,0.3073,4.5304,0.3095,0.9738,0.7121,0.0598,0.3723,0.2263,3.155,0.042,0.1541,1.2334,0.6552,0.135,281.0938,6.221
159,06.04.2022,3.4354,2.5282,3.6261,4.8561,0.2023,0.6648,0.2474,4.9447,5.9339,1.3038,3.658,0.2456,0.5173,1.0631,0.0539,0.481,0.3073,4.5304,0.3095,0.9738,0.7121,0.0598,0.3723,0.2263,3.155,0.042,0.1541,1.2334,0.6552,0.135,281.0938,6.221
160,06.04.2022,3.4354,2.5282,3.6261,4.8561,0.2023,0.6648,0.2474,4.9447,5.9339,1.3038,3.658,0.2456,0.5173,1.0631,0.0539,0.481,0.3073,4.5304,0.3095,0.9738,0.7121,0.0598,0.3723,0.2263,3.155,0.042,0.1541,1.2334,0.6552,0.135,281.0938,6.221
161,06.04.2022,3.4354,2.5282,3.6261,4.8561,0.2023,0.6648,0.2474,4.9447,5.9339,1.3038,3.658,0.2456,0.5173,1.0631,0.0539,0.481,0.3073,4.5304,0.3095,0.9738,0.7121,0.0598,0.3723,0.2263,3.155,0.042,0.1541,1.2334,0.6552,0.135,281.0938,6.221
162,06.04.2022,3.4354,2.5282,3.6261,4.8561,0.2023,0.6648,0.2474,4.9447,5.9339,1.3038,3.658,0.2456,0.5173,1.0631,0.0539,0.481,0.3073,4.5304,0.3095,0.9738,0.7121,0.0598,0.3723,0.2263,3.155,0.042,0.1541,1.2334,0.6552,0.135,281.0938,6.221
163,06.04.2022,3.4354,2.5282,3.6261,4.8561,0.2023,0.6648,0.2474,4.9447,5.9339,1.3038,3.658,0.2456,0.5173,1.0631,0.0539,0.481,0.3073,4.5304,0.3095,0.9738,0.7121,0.0598,0.3723,0.2263,3.155,0.042,0.1541,1.2334,0.6552,0.135,281.0938,6.221
164,06.04.2022,3.4354,2.5282,3.6261,4.8561,0.2023,0.6648,0.2474,4.9447,5.9339,1.3038,3.658,0.2456,0.5173,1.0631,0.0539,0.481,0.3073,4.5304,0.3095,0.9738,0.7121,0.0598,0.3723,0.2263,3.155,0.042,0.1541,1.2334,0.6552,0.135,281.0938,6.221
165,05.04.2022,3.4366,2.5273,3.6139,4.8674,0.203,0.6646,0.247,4.9431,5.9149,1.3341,3.6666,0.2451,0.5168,1.0679,0.0537,0.4798,0.3059,4.5019,0.3097,0.9797,0.7075,0.0597,0.3712,0.2274,3.1538,0.042,0.1531,1.2257,0.6555,0.1347,279.4986,6.1984
166,05.04.2022,3.4366,2.5273,3.6139,4.8674,0.203,0.6646,0.247,4.9431,5.9149,1.3341,3.6666,0.2451,0.5168,1.0679,0.0537,0.4798,0.3059,4.5019,0.3097,0.9797,0.7075,0.0597,0.3712,0.2274,3.1538,0.042,0.1531,1.2257,0.6555,0.1347,279.4986,6.1984
167,05.04.2022,3.4366,2.5273,3.6139,4.8674,0.203,0.6646,0.247,4.9431,5.9149,1.3341,3.6666,0.2451,0.5168,1.0679,0.0537,0.4798,0.3059,4.5019,0.3097,0.9797,0.7075,0.0597,0.3712,0.2274,3.1538,0.042,0.1531,1.2257,0.6555,0.1347,279.4986,6.1984
168,05.04.2022,3.4366,2.5273,3.6139,4.8674,0.203,0.6646,0.247,4.9431,5.9149,1.3341,3.6666,0.2451,0.5168,1.0679,0.0537,0.4798,0.3059,4.5019,0.3097,0.9797,0.7075,0.0597,0.3712,0.2274,3.1538,0.042,0.1531,1.2257,0.6555,0.1347,279.4986,6.1984
169,05.04.2022,3.4366,2.5273,3.6139,4.8674,0.203,0.6646,0.247,4.9431,5.9149,1.3341,3.6666,0.2451,0.5168,1.0679,0.0537,0.4798,0.3059,4.5019,0.3097,0.9797,0.7075,0.0597,0.3712,0.2274,3.1538,0.042,0.1531,1.2257,0.6555,0.1347,279.4986,6.1984
170,05.04.2022,3.4366,2.5273,3.6139,4.8674,0.203,0.6646,0.247,4.9431,5.9149,1.3341,3.6666,0.2451,0.5168,1.0679,0.0537,0.4798,0.3059,4.5019,0.3097,0.9797,0.7075,0.0597,0.3712,0.2274,3.1538,0.042,0.1531,1.2257,0.6555,0.1347,279.4986,6.1984
171,05.04.2022,3.4366,2.5273,3.6139,4.8674,0.203,0.6646,0.247,4.9431,5.9149,1.3341,3.6666,0.2451,0.5168,1.0679,0.0537,0.4798,0.3059,4.5019,0.3097,0.9797,0.7075,0.0597,0.3712,0.2274,3.1538,0.042,0.1531,1.2257,0.6555,0.1347,279.4986,6.1984
172,05.04.2022,3.4366,2.5273,3.6139,4.8674,0.203,0.6646,0.247,4.9431,5.9149,1.3341,3.6666,0.2451,0.5168,1.0679,0.0537,0.4798,0.3059,4.5019,0.3097,0.9797,0.7075,0.0597,0.3712,0.2274,3.1538,0.042,0.1531,1.2257,0.6555,0.1347,279.4986,6.1984
173,05.04.2022,3.4366,2.5273,3.6139,4.8674,0.203,0.6646,0.247,4.9431,5.9149,1.3341,3.6666,0.2451,0.5168,1.0679,0.0537,0.4798,0.3059,4.5019,0.3097,0.9797,0.7075,0.0597,0.3712,0.2274,3.1538,0.042,0.1531,1.2257,0.6555,0.1347,279.4986,6.1984
174,05.04.2022,3.4366,2.5273,3.6139,4.8674,0.203,0.6646,0.247,4.9431,5.9149,1.3341,3.6666,0.2451,0.5168,1.0679,0.0537,0.4798,0.3059,4.5019,0.3097,0.9797,0.7075,0.0597,0.3712,0.2274,3.1538,0.042,0.1531,1.2257,0.6555,0.1347,279.4986,6.1984
175,05.04.2022,3.4366,2.5273,3.6139,4.8674,0.203,0.6646,0.247,4.9431,5.9149,1.3341,3.6666,0.2451,0.5168,1.0679,0.0537,0.4798,0.3059,4.5019,0.3097,0.9797,0.7075,0.0597,0.3712,0.2274,3.1538,0.042,0.1531,1.2257,0.6555,0.1347,279.4986,6.1984
176,05.04.2022,3.4366,2.5273,3.6139,4.8674,0.203,0.6646,0.247,4.9431,5.9149,1.3341,3.6666,0.2451,0.5168,1.0679,0.0537,0.4798,0.3059,4.5019,0.3097,0.9797,0.7075,0.0597,0.3712,0.2274,3.1538,0.042,0.1531,1.2257,0.6555,0.1347,279.4986,6.1984
177,05.04.2022,3.4366,2.5273,3.6139,4.8674,0.203,0.6646,0.247,4.9431,5.9149,1.3341,3.6666,0.2451,0.5168,1.0679,0.0537,0.4798,0.3059,4.5019,0.3097,0.9797,0.7075,0.0597,0.3712,0.2274,3.1538,0.042,0.1531,1.2257,0.6555,0.1347,279.4986,6.1984
178,05.04.2022,3.4366,2.5273,3.6139,4.8674,0.203,0.6646,0.247,4.9431,5.9149,1.3341,3.6666,0.2451,0.5168,1.0679,0.0537,0.4798,0.3059,4.5019,0.3097,0.9797,0.7075,0.0597,0.3712,0.2274,3.1538,0.042,0.1531,1.2257,0.6555,0.1347,279.4986,6.1984
179,05.04.2022,3.4366,2.5273,3.6139,4.8674,0.203,0.6646,0.247,4.9431,5.9149,1.3341,3.6666,0.2451,0.5168,1.0679,0.0537,0.4798,0.3059,4.5019,0.3097,0.9797,0.7075,0.0597,0.3712,0.2274,3.1538,0.042,0.1531,1.2257,0.6555,0.1347,279.4986,6.1984
180,05.04.2022,3.4366,2.5273,3.6139,4.8674,0.203,0.6646,0.247,4.9431,5.9149,1.3341,3.6666,0.2451,0.5168,1.0679,0.0537,0.4798,0.3059,4.5019,0.3097,0.9797,0.7075,0.0597,0.3712,0.2274,3.1538,0.042,0.1531,1.2257,0.6555,0.1347,279.4986,6.1984
181,05.04.2022,3.4366,2.5273,3.6139,4.8674,0.203,0.6646,0.247,4.9431,5.9149,1.3341,3.6666,0.2451,0.5168,1.0679,0.0537,0.4798,0.3059,4.5019,0.3097,0.9797,0.7075,0.0597,0.3712,0.2274,3.1538,0.042,0.1531,1.2257,0.6555,0.1347,279.4986,6.1984
182,05.04.2022,3.4366,2.5273,3.6139,4.8674,0.203,0.6646,0.247,4.9431,5.9149,1.3341,3.6666,0.2451,0.5168,1.0679,0.0537,0.4798,0.3059,4.5019,0.3097,0.9797,0.7075,0.0597,0.3712,0.2274,3.1538,0.042,0.1531,1.2257,0.6555,0.1347,279.4986,6.1984
183,05.04.2022,3.4366,2.5273,3.6139,4.8674,0.203,0.6646,0.247,4.9431,5.9149,1.3341,3.6666,0.2451,0.5168,1.0679,0.0537,0.4798,0.3059,4.5019,0.3097,0.9797,0.7075,0.0597,0.3712,0.2274,3.1538,0.042,0.1531,1.2257,0.6555,0.1347,279.4986,6.1984
184,05.04.2022,3.4366,2.5273,3.6139,4.8674,0.203,0.6646,0.247,4.9431,5.9149,1.3341,3.6666,0.2451,0.5168,1.0679,0.0537,0.4798,0.3059,4.5019,0.3097,0.9797,0.7075,0.0597,0.3712,0.2274,3.1538,0.042,0.1531,1.2257,0.6555,0.1347,279.4986,6.1984
185,05.04.2022,3.4366,2.5273,3.6139,4.8674,0.203,0.6646,0.247,4.9431,5.9149,1.3341,3.6666,0.2451,0.5168,1.0679,0.0537,0.4798,0.3059,4.5019,0.3097,0.9797,0.7075,0.0597,0.3712,0.2274,3.1538,0.042,0.1531,1.2257,0.6555,0.1347,279.4986,6.1984
186,05.04.2022,3.4366,2.5273,3.6139,4.8674,0.203,0.6646,0.247,4.9431,5.9149,1.3341,3.6666,0.2451,0.5168,1.0679,0.0537,0.4798,0.3059,4.5019,0.3097,0.9797,0.7075,0.0597,0.3712,0.2274,3.1538,0.042,0.1531,1.2257,0.6555,0.1347,279.4986,6.1984
187,05.04.2022,3.4366,2.5273,3.6139,4.8674,0.203,0.6646,0.247,4.9431,5.9149,1.3341,3.6666,0.2451,0.5168,1.0679,0.0537,0.4798,0.3059,4.5019,0.3097,0.9797,0.7075,0.0597,0.3712,0.2274,3.1538,0.042,0.1531,1.2257,0.6555,0.1347,279.4986,6.1984
188,05.04.2022,3.4366,2.5273,3.6139,4.8674,0.203,0.6646,0.247,4.9431,5.9149,1.3341,3.6666,0.2451,0.5168,1.0679,0.0537,0.4798,0.3059,4.5019,0.3097,0.9797,0.7075,0.0597,0.3712,0.2274,3.1538,0.042,0.1531,1.2257,0.6555,0.1347,279.4986,6.1984
189,05.04.2022,3.4366,2.5273,3.6139,4.8674,0.203,0.6646,0.247,4.9431,5.9149,1.3341,3.6666,0.2451,0.5168,1.0679,0.0537,0.4798,0.3059,4.5019,0.3097,0.9797,0.7075,0.0597,0.3712,0.2274,3.1538,0.042,0.1531,1.2257,0.6555,0.1347,279.4986,6.1984
190,05.04.2022,3.4366,2.5273,3.6139,4.8674,0.203,0.6646,0.247,4.9431,5.9149,1.3341,3.6666,0.2451,0.5168,1.0679,0.0537,0.4798,0.3059,4.5019,0.3097,0.9797,0.7075,0.0597,0.3712,0.2274,3.1538,0.042,0.1531,1.2257,0.6555,0.1347,279.4986,6.1984
191,05.04.2022,3.4366,2.5273,3.6139,4.8674,0.203,0.6646,0.247,4.9431,5.9149,1.3341,3.6666,0.2451,0.5168,1.0679,0.0537,0.4798,0.3059,4.5019,0.3097,0.9797,0.7075,0.0597,0.3712,0.2274,3.1538,0.042,0.1531,1.2257,0.6555,0.1347,279.4986,6.1984
192,05.04.2022,3.4366,2.5273,3.6139,4.8674,0.203,0.6646,0.247,4.9431,5.9149,1.3341,3.6666,0.2451,0.5168,1.0679,0.0537,0.4798,0.3059,4.5019,0.3097,0.9797,0.7075,0.0597,0.3712,0.2274,3.1538,0.042,0.1531,1.2257,0.6555,0.1347,279.4986,6.1984
193,05.04.2022,3.4366,2.5273,3.6139,4.8674,0.203,0.6646,0.247,4.9431,5.9149,1.3341,3.6666,0.2451,0.5168,1.0679,0.0537,0.4798,0.3059,4.5019,0.3097,0.9797,0.7075,0.0597,0.3712,0.2274,3.1538,0.042,0.1531,1.2257,0.6555,0.1347,279.4986,6.1984
194,05.04.2022,3.4366,2.5273,3.6139,4.8674,0.203,0.6646,0.247,4.9431,5.9149,1.3341,3.6666,0.2451,0.5168,1.0679,0.0537,0.4798,0.3059,4.5019,0.3097,0.9797,0.7075,0.0597,0.3712,0.2274,3.1538,0.042,0.1531,1.2257,0.6555,0.1347,279.4986,6.1984
195,05.04.2022,3.4366,2.5273,3.6139,4.8674,0.203,0.6646,0.247,4.9431,5.9149,1.3341,3.6666,0.2451,0.5168,1.0679,0.0537,0.4798,0.3059,4.5019,0.3097,0.9797,0.7075,0.0597,0.3712,0.2274,3.1538,0.042,0.1531,1.2257,0.6555,0.1347,279.4986,6.1984
196,05.04.2022,3.4366,2.5273,3.6139,4.8674,0.203,0.6646,0.247,4.9431,5.9149,1.3341,3.6666,0.2451,0.5168,1.0679,0.0537,0.4798,0.3059,4.5019,0.3097,0.9797,0.7075,0.0597,0.3712,0.2274,3.1538,0.042,0.1531,1.2257,0.6555,0.1347,279.4986,6.1984
197,05.04.2022,3.4366,2.5273,3.6139,4.8674,0.203,0.6646,0.247,4.9431,5.9149,1.3341,3.6666,0.2451,0.5168,1.0679,0.0537,0.4798,0.3059,4.5019,0.3097,0.9797,0.7075,0.0597,0.3712,0.2274,3.1538,0.042,0.1531,1.2257,0.6555,0.1347,279.4986,6.1984
198,04.04.2022,3.3719,2.5276,3.5901,4.8389,0.2032,0.6646,0.2458,4.9437,5.885,1.3404,3.6597,0.2436,0.5136,1.0665,0.053,0.4767,0.305,4.4875,0.3068,0.9633,0.7052,0.0594,0.3694,0.2263,3.1082,0.042,0.1509,1.2218,0.6548,0.1339,278.1553,6.1847
199,04.04.2022,3.3719,2.5276,3.5901,4.8389,0.2032,0.6646,0.2458,4.9437,5.885,1.3404,3.6597,0.2436,0.5136,1.0665,0.053,0.4767,0.305,4.4875,0.3068,0.9633,0.7052,0.0594,0.3694,0.2263,3.1082,0.042,0.1509,1.2218,0.6548,0.1339,278.1553,6.1847
200,04.04.2022,3.3719,2.5276,3.5901,4.8389,0.2032,0.6646,0.2458,4.9437,5.885,1.3404,3.6597,0.2436,0.5136,1.0665,0.053,0.4767,0.305,4.4875,0.3068,0.9633,0.7052,0.0594,0.3694,0.2263,3.1082,0.042,0.1509,1.2218,0.6548,0.1339,278.1553,6.1847
201,04.04.2022,3.3719,2.5276,3.5901,4.8389,0.2032,0.6646,0.2458,4.9437,5.885,1.3404,3.6597,0.2436,0.5136,1.0665,0.053,0.4767,0.305,4.4875,0.3068,0.9633,0.7052,0.0594,0.3694,0.2263,3.1082,0.042,0.1509,1.2218,0.6548,0.1339,278.1553,6.1847
202,04.04.2022,3.3719,2.5276,3.5901,4.8389,0.2032,0.6646,0.2458,4.9437,5.885,1.3404,3.6597,0.2436,0.5136,1.0665,0.053,0.4767,0.305,4.4875,0.3068,0.9633,0.7052,0.0594,0.3694,0.2263,3.1082,0.042,0.1509,1.2218,0.6548,0.1339,278.1553,6.1847
203,04.04.2022,3.3719,2.5276,3.5901,4.8389,0.2032,0.6646,0.2458,4.9437,5.885,1.3404,3.6597,0.2436,0.5136,1.0665,0.053,0.4767,0.305,4.4875,0.3068,0.9633,0.7052,0.0594,0.3694,0.2263,3.1082,0.042,0.1509,1.2218,0.6548,0.1339,278.1553,6.1847
204,04.04.2022,3.3719,2.5276,3.5901,4.8389,0.2032,0.6646,0.2458,4.9437,5.885,1.3404,3.6597,0.2436,0.5136,1.0665,0.053,0.4767,0.305,4.4875,0.3068,0.9633,0.7052,0.0594,0.3694,0.2263,3.1082,0.042,0.1509,1.2218,0.6548,0.1339,278.1553,6.1847
205,04.04.2022,3.3719,2.5276,3.5901,4.8389,0.2032,0.6646,0.2458,4.9437,5.885,1.3404,3.6597,0.2436,0.5136,1.0665,0.053,0.4767,0.305,4.4875,0.3068,0.9633,0.7052,0.0594,0.3694,0.2263,3.1082,0.042,0.1509,1.2218,0.6548,0.1339,278.1553,6.1847
206,04.04.2022,3.3719,2.5276,3.5901,4.8389,0.2032,0.6646,0.2458,4.9437,5.885,1.3404,3.6597,0.2436,0.5136,1.0665,0.053,0.4767,0.305,4.4875,0.3068,0.9633,0.7052,0.0594,0.3694,0.2263,3.1082,0.042,0.1509,1.2218,0.6548,0.1339,278.1553,6.1847
207,04.04.2022,3.3719,2.5276,3.5901,4.8389,0.2032,0.6646,0.2458,4.9437,5.885,1.3404,3.6597,0.2436,0.5136,1.0665,0.053,0.4767,0.305,4.4875,0.3068,0.9633,0.7052,0.0594,0.3694,0.2263,3.1082,0.042,0.1509,1.2218,0.6548,0.1339,278.1553,6.1847
208,04.04.2022,3.3719,2.5276,3.5901,4.8389,0.2032,0.6646,0.2458,4.9437,5.885,1.3404,3.6597,0.2436,0.5136,1.0665,0.053,0.4767,0.305,4.4875,0.3068,0.9633,0.7052,0.0594,0.3694,0.2263,3.1082,0.042,0.1509,1.2218,0.6548,0.1339,278.1553,6.1847
209,04.04.2022,3.3719,2.5276,3.5901,4.8389,0.2032,0.6646,0.2458,4.9437,5.885,1.3404,3.6597,0.2436,0.5136,1.0665,0.053,0.4767,0.305,4.4875,0.3068,0.9633,0.7052,0.0594,0.3694,0.2263,3.1082,0.042,0.1509,1.2218,0.6548,0.1339,278.1553,6.1847
210,04.04.2022,3.3719,2.5276,3.5901,4.8389,0.2032,0.6646,0.2458,4.9437,5.885,1.3404,3.6597,0.2436,0.5136,1.0665,0.053,0.4767,0.305,4.4875,0.3068,0.9633,0.7052,0.0594,0.3694,0.2263,3.1082,0.042,0.1509,1.2218,0.6548,0.1339,278.1553,6.1847
211,04.04.2022,3.3719,2.5276,3.5901,4.8389,0.2032,0.6646,0.2458,4.9437,5.885,1.3404,3.6597,0.2436,0.5136,1.0665,0.053,0.4767,0.305,4.4875,0.3068,0.9633,0.7052,0.0594,0.3694,0.2263,3.1082,0.042,0.1509,1.2218,0.6548,0.1339,278.1553,6.1847
212,04.04.2022,3.3719,2.5276,3.5901,4.8389,0.2032,0.6646,0.2458,4.9437,5.885,1.3404,3.6597,0.2436,0.5136,1.0665,0.053,0.4767,0.305,4.4875,0.3068,0.9633,0.7052,0.0594,0.3694,0.2263,3.1082,0.042,0.1509,1.2218,0.6548,0.1339,278.1553,6.1847
213,04.04.2022,3.3719,2.5276,3.5901,4.8389,0.2032,0.6646,0.2458,4.9437,5.885,1.3404,3.6597,0.2436,0.5136,1.0665,0.053,0.4767,0.305,4.4875,0.3068,0.9633,0.7052,0.0594,0.3694,0.2263,3.1082,0.042,0.1509,1.2218,0.6548,0.1339,278.1553,6.1847
214,04.04.2022,3.3719,2.5276,3.5901,4.8389,0.2032,0.6646,0.2458,4.9437,5.885,1.3404,3.6597,0.2436,0.5136,1.0665,0.053,0.4767,0.305,4.4875,0.3068,0.9633,0.7052,0.0594,0.3694,0.2263,3.1082,0.042,0.1509,1.2218,0.6548,0.1339,278.1553,6.1847
215,04.04.2022,3.3719,2.5276,3.5901,4.8389,0.2032,0.6646,0.2458,4.9437,5.885,1.3404,3.6597,0.2436,0.5136,1.0665,0.053,0.4767,0.305,4.4875,0.3068,0.9633,0.7052,0.0594,0.3694,0.2263,3.1082,0.042,0.1509,1.2218,0.6548,0.1339,278.1553,6.1847
216,04.04.2022,3.3719,2.5276,3.5901,4.8389,0.2032,0.6646,0.2458,4.9437,5.885,1.3404,3.6597,0.2436,0.5136,1.0665,0.053,0.4767,0.305,4.4875,0.3068,0.9633,0.7052,0.0594,0.3694,0.2263,3.1082,0.042,0.1509,1.2218,0.6548,0.1339,278.1553,6.1847
217,04.04.2022,3.3719,2.5276,3.5901,4.8389,0.2032,0.6646,0.2458,4.9437,5.885,1.3404,3.6597,0.2436,0.5136,1.0665,0.053,0.4767,0.305,4.4875,0.3068,0.9633,0.7052,0.0594,0.3694,0.2263,3.1082,0.042,0.1509,1.2218,0.6548,0.1339,278.1553,6.1847
218,04.04.2022,3.3719,2.5276,3.5901,4.8389,0.2032,0.6646,0.2458,4.9437,5.885,1.3404,3.6597,0.2436,0.5136,1.0665,0.053,0.4767,0.305,4.4875,0.3068,0.9633,0.7052,0.0594,0.3694,0.2263,3.1082,0.042,0.1509,1.2218,0.6548,0.1339,278.1553,6.1847
219,04.04.2022,3.3719,2.5276,3.5901,4.8389,0.2032,0.6646,0.2458,4.9437,5.885,1.3404,3.6597,0.2436,0.5136,1.0665,0.053,0.4767,0.305,4.4875,0.3068,0.9633,0.7052,0.0594,0.3694,0.2263,3.1082,0.042,0.1509,1.2218,0.6548,0.1339,278.1553,6.1847
220,04.04.2022,3.3719,2.5276,3.5901,4.8389,0.2032,0.6646,0.2458,4.9437,5.885,1.3404,3.6597,0.2436,0.5136,1.0665,0.053,0.4767,0.305,4.4875,0.3068,0.9633,0.7052,0.0594,0.3694,0.2263,3.1082,0.042,0.1509,1.2218,0.6548,0.1339,278.1553,6.1847
221,04.04.2022,3.3719,2.5276,3.5901,4.8389,0.2032,0.6646,0.2458,4.9437,5.885,1.3404,3.6597,0.2436,0.5136,1.0665,0.053,0.4767,0.305,4.4875,0.3068,0.9633,0.7052,0.0594,0.3694,0.2263,3.1082,0.042,0.1509,1.2218,0.6548,0.1339,278.1553,6.1847
222,04.04.2022,3.3719,2.5276,3.5901,4.8389,0.2032,0.6646,0.2458,4.9437,5.885,1.3404,3.6597,0.2436,0.5136,1.0665,0.053,0.4767,0.305,4.4875,0.3068,0.9633,0.7052,0.0594,0.3694,0.2263,3.1082,0.042,0.1509,1.2218,0.6548,0.1339,278.1553,6.1847
223,04.04.2022,3.3719,2.5276,3.5901,4.8389,0.2032,0.6646,0.2458,4.9437,5.885,1.3404,3.6597,0.2436,0.5136,1.0665,0.053,0.4767,0.305,4.4875,0.3068,0.9633,0.7052,0.0594,0.3694,0.2263,3.1082,0.042,0.1509,1.2218,0.6548,0.1339,278.1553,6.1847
224,04.04.2022,3.3719,2.5276,3.5901,4.8389,0.2032,0.6646,0.2458,4.9437,5.885,1.3404,3.6597,0.2436,0.5136,1.0665,0.053,0.4767,0.305,4.4875,0.3068,0.9633,0.7052,0.0594,0.3694,0.2263,3.1082,0.042,0.1509,1.2218,0.6548,0.1339,278.1553,6.1847
225,04.04.2022,3.3719,2.5276,3.5901,4.8389,0.2032,0.6646,0.2458,4.9437,5.885,1.3404,3.6597,0.2436,0.5136,1.0665,0.053,0.4767,0.305,4.4875,0.3068,0.9633,0.7052,0.0594,0.3694,0.2263,3.1082,0.042,0.1509,1.2218,0.6548,0.1339,278.1553,6.1847
226,04.04.2022,3.3719,2.5276,3.5901,4.8389,0.2032,0.6646,0.2458,4.9437,5.885,1.3404,3.6597,0.2436,0.5136,1.0665,0.053,0.4767,0.305,4.4875,0.3068,0.9633,0.7052,0.0594,0.3694,0.2263,3.1082,0.042,0.1509,1.2218,0.6548,0.1339,278.1553,6.1847
227,04.04.2022,3.3719,2.5276,3.5901,4.8389,0.2032,0.6646,0.2458,4.9437,5.885,1.3404,3.6597,0.2436,0.5136,1.0665,0.053,0.4767,0.305,4.4875,0.3068,0.9633,0.7052,0.0594,0.3694,0.2263,3.1082,0.042,0.1509,1.2218,0.6548,0.1339,278.1553,6.1847
228,04.04.2022,3.3719,2.5276,3.5901,4.8389,0.2032,0.6646,0.2458,4.9437,5.885,1.3404,3.6597,0.2436,0.5136,1.0665,0.053,0.4767,0.305,4.4875,0.3068,0.9633,0.7052,0.0594,0.3694,0.2263,3.1082,0.042,0.1509,1.2218,0.6548,0.1339,278.1553,6.1847
229,04.04.2022,3.3719,2.5276,3.5901,4.8389,0.2032,0.6646,0.2458,4.9437,5.885,1.3404,3.6597,0.2436,0.5136,1.0665,0.053,0.4767,0.305,4.4875,0.3068,0.9633,0.7052,0.0594,0.3694,0.2263,3.1082,0.042,0.1509,1.2218,0.6548,0.1339,278.1553,6.1847
230,04.04.2022,3.3719,2.5276,3.5901,4.8389,0.2032,0.6646,0.2458,4.9437,5.885,1.3404,3.6597,0.2436,0.5136,1.0665,0.053,0.4767,0.305,4.4875,0.3068,0.9633,0.7052,0.0594,0.3694,0.2263,3.1082,0.042,0.1509,1.2218,0.6548,0.1339,278.1553,6.1847
231,01.04.2022,3.3646,2.5285,3.5853,4.8439,0.2026,0.6648,0.2449,4.9454,5.8762,1.3455,3.6562,0.2431,0.5106,1.0648,0.0541,0.4782,0.3048,4.4763,0.3073,0.9445,0.7038,0.0589,0.3678,0.2256,3.1026,0.042,0.151,1.2187,0.6528,0.1337,278.4974,6.1762
232,01.04.2022,3.3646,2.5285,3.5853,4.8439,0.2026,0.6648,0.2449,4.9454,5.8762,1.3455,3.6562,0.2431,0.5106,1.0648,0.0541,0.4782,0.3048,4.4763,0.3073,0.9445,0.7038,0.0589,0.3678,0.2256,3.1026,0.042,0.151,1.2187,0.6528,0.1337,278.4974,6.1762
233,01.04.2022,3.3646,2.5285,3.5853,4.8439,0.2026,0.6648,0.2449,4.9454,5.8762,1.3455,3.6562,0.2431,0.5106,1.0648,0.0541,0.4782,0.3048,4.4763,0.3073,0.9445,0.7038,0.0589,0.3678,0.2256,3.1026,0.042,0.151,1.2187,0.6528,0.1337,278.4974,6.1762
234,01.04.2022,3.3646,2.5285,3.5853,4.8439,0.2026,0.6648,0.2449,4.9454,5.8762,1.3455,3.6562,0.2431,0.5106,1.0648,0.0541,0.4782,0.3048,4.4763,0.3073,0.9445,0.7038,0.0589,0.3678,0.2256,3.1026,0.042,0.151,1.2187,0.6528,0.1337,278.4974,6.1762
235,01.04.2022,3.3646,2.5285,3.5853,4.8439,0.2026,0.6648,0.2449,4.9454,5.8762,1.3455,3.6562,0.2431,0.5106,1.0648,0.0541,0.4782,0.3048,4.4763,0.3073,0.9445,0.7038,0.0589,0.3678,0.2256,3.1026,0.042,0.151,1.2187,0.6528,0.1337,278.4974,6.1762
236,01.04.2022,3.3646,2.5285,3.5853,4.8439,0.2026,0.6648,0.2449,4.9454,5.8762,1.3455,3.6562,0.2431,0.5106,1.0648,0.0541,0.4782,0.3048,4.4763,0.3073,0.9445,0.7038,0.0589,0.3678,0.2256,3.1026,0.042,0.151,1.2187,0.6528,0.1337,278.4974,6.1762
237,01.04.2022,3.3646,2.5285,3.5853,4.8439,0.2026,0.6648,0.2449,4.9454,5.8762,1.3455,3.6562,0.2431,0.5106,1.0648,0.0541,0.4782,0.3048,4.4763,0.3073,0.9445,0.7038,0.0589,0.3678,0.2256,3.1026,0.042,0.151,1.2187,0.6528,0.1337,278.4974,6.1762
238,01.04.2022,3.3646,2.5285,3.5853,4.8439,0.2026,0.6648,0.2449,4.9454,5.8762,1.3455,3.6562,0.2431,0.5106,1.0648,0.0541,0.4782,0.3048,4.4763,0.3073,0.9445,0.7038,0.0589,0.3678,0.2256,3.1026,0.042,0.151,1.2187,0.6528,0.1337,278.4974,6.1762
239,01.04.2022,3.3646,2.5285,3.5853,4.8439,0.2026,0.6648,0.2449,4.9454,5.8762,1.3455,3.6562,0.2431,0.5106,1.0648,0.0541,0.4782,0.3048,4.4763,0.3073,0.9445,0.7038,0.0589,0.3678,0.2256,3.1026,0.042,0.151,1.2187,0.6528,0.1337,278.4974,6.1762
240,01.04.2022,3.3646,2.5285,3.5853,4.8439,0.2026,0.6648,0.2449,4.9454,5.8762,1.3455,3.6562,0.2431,0.5106,1.0648,0.0541,0.4782,0.3048,4.4763,0.3073,0.9445,0.7038,0.0589,0.3678,0.2256,3.1026,0.042,0.151,1.2187,0.6528,0.1337,278.4974,6.1762
241,01.04.2022,3.3646,2.5285,3.5853,4.8439,0.2026,0.6648,0.2449,4.9454,5.8762,1.3455,3.6562,0.2431,0.5106,1.0648,0.0541,0.4782,0.3048,4.4763,0.3073,0.9445,0.7038,0.0589,0.3678,0.2256,3.1026,0.042,0.151,1.2187,0.6528,0.1337,278.4974,6.1762
242,01.04.2022,3.3646,2.5285,3.5853,4.8439,0.2026,0.6648,0.2449,4.9454,5.8762,1.3455,3.6562,0.2431,0.5106,1.0648,0.0541,0.4782,0.3048,4.4763,0.3073,0.9445,0.7038,0.0589,0.3678,0.2256,3.1026,0.042,0.151,1.2187,0.6528,0.1337,278.4974,6.1762
243,01.04.2022,3.3646,2.5285,3.5853,4.8439,0.2026,0.6648,0.2449,4.9454,5.8762,1.3455,3.6562,0.2431,0.5106,1.0648,0.0541,0.4782,0.3048,4.4763,0.3073,0.9445,0.7038,0.0589,0.3678,0.2256,3.1026,0.042,0.151,1.2187,0.6528,0.1337,278.4974,6.1762
244,01.04.2022,3.3646,2.5285,3.5853,4.8439,0.2026,0.6648,0.2449,4.9454,5.8762,1.3455,3.6562,0.2431,0.5106,1.0648,0.0541,0.4782,0.3048,4.4763,0.3073,0.9445,0.7038,0.0589,0.3678,0.2256,3.1026,0.042,0.151,1.2187,0.6528,0.1337,278.4974,6.1762
245,01.04.2022,3.3646,2.5285,3.5853,4.8439,0.2026,0.6648,0.2449,4.9454,5.8762,1.3455,3.6562,0.2431,0.5106,1.0648,0.0541,0.4782,0.3048,4.4763,0.3073,0.9445,0.7038,0.0589,0.3678,0.2256,3.1026,0.042,0.151,1.2187,0.6528,0.1337,278.4974,6.1762
246,01.04.2022,3.3646,2.5285,3.5853,4.8439,0.2026,0.6648,0.2449,4.9454,5.8762,1.3455,3.6562,0.2431,0.5106,1.0648,0.0541,0.4782,0.3048,4.4763,0.3073,0.9445,0.7038,0.0589,0.3678,0.2256,3.1026,0.042,0.151,1.2187,0.6528,0.1337,278.4974,6.1762
247,01.04.2022,3.3646,2.5285,3.5853,4.8439,0.2026,0.6648,0.2449,4.9454,5.8762,1.3455,3.6562,0.2431,0.5106,1.0648,0.0541,0.4782,0.3048,4.4763,0.3073,0.9445,0.7038,0.0589,0.3678,0.2256,3.1026,0.042,0.151,1.2187,0.6528,0.1337,278.4974,6.1762
248,01.04.2022,3.3646,2.5285,3.5853,4.8439,0.2026,0.6648,0.2449,4.9454,5.8762,1.3455,3.6562,0.2431,0.5106,1.0648,0.0541,0.4782,0.3048,4.4763,0.3073,0.9445,0.7038,0.0589,0.3678,0.2256,3.1026,0.042,0.151,1.2187,0.6528,0.1337,278.4974,6.1762
249,01.04.2022,3.3646,2.5285,3.5853,4.8439,0.2026,0.6648,0.2449,4.9454,5.8762,1.3455,3.6562,0.2431,0.5106,1.0648,0.0541,0.4782,0.3048,4.4763,0.3073,0.9445,0.7038,0.0589,0.3678,0.2256,3.1026,0.042,0.151,1.2187,0.6528,0.1337,278.4974,6.1762
250,01.04.2022,3.3646,2.5285,3.5853,4.8439,0.2026,0.6648,0.2449,4.9454,5.8762,1.3455,3.6562,0.2431,0.5106,1.0648,0.0541,0.4782,0.3048,4.4763,0.3073,0.9445,0.7038,0.0589,0.3678,0.2256,3.1026,0.042,0.151,1.2187,0.6528,0.1337,278.4974,6.1762
251,01.04.2022,3.3646,2.5285,3.5853,4.8439,0.2026,0.6648,0.2449,4.9454,5.8762,1.3455,3.6562,0.2431,0.5106,1.0648,0.0541,0.4782,0.3048,4.4763,0.3073,0.9445,0.7038,0.0589,0.3678,0.2256,3.1026,0.042,0.151,1.2187,0.6528,0.1337,278.4974,6.1762
252,01.04.2022,3.3646,2.5285,3.5853,4.8439,0.2026,0.6648,0.2449,4.9454,5.8762,1.3455,3.6562,0.2431,0.5106,1.0648,0.0541,0.4782,0.3048,4.4763,0.3073,0.9445,0.7038,0.0589,0.3678,0.2256,3.1026,0.042,0.151,1.2187,0.6528,0.1337,278.4974,6.1762
253,01.04.2022,3.3646,2.5285,3.5853,4.8439,0.2026,0.6648,0.2449,4.9454,5.8762,1.3455,3.6562,0.2431,0.5106,1.0648,0.0541,0.4782,0.3048,4.4763,0.3073,0.9445,0.7038,0.0589,0.3678,0.2256,3.1026,0.042,0.151,1.2187,0.6528,0.1337,278.4974,6.1762
254,01.04.2022,3.3646,2.5285,3.5853,4.8439,0.2026,0.6648,0.2449,4.9454,5.8762,1.3455,3.6562,0.2431,0.5106,1.0648,0.0541,0.4782,0.3048,4.4763,0.3073,0.9445,0.7038,0.0589,0.3678,0.2256,3.1026,0.042,0.151,1.2187,0.6528,0.1337,278.4974,6.1762
255,01.04.2022,3.3646,2.5285,3.5853,4.8439,0.2026,0.6648,0.2449,4.9454,5.8762,1.3455,3.6562,0.2431,0.5106,1.0648,0.0541,0.4782,0.3048,4.4763,0.3073,0.9445,0.7038,0.0589,0.3678,0.2256,3.1026,0.042,0.151,1.2187,0.6528,0.1337,278.4974,6.1762
256,01.04.2022,3.3646,2.5285,3.5853,4.8439,0.2026,0.6648,0.2449,4.9454,5.8762,1.3455,3.6562,0.2431,0.5106,1.0648,0.0541,0.4782,0.3048,4.4763,0.3073,0.9445,0.7038,0.0589,0.3678,0.2256,3.1026,0.042,0.151,1.2187,0.6528,0.1337,278.4974,6.1762
257,01.04.2022,3.3646,2.5285,3.5853,4.8439,0.2026,0.6648,0.2449,4.9454,5.8762,1.3455,3.6562,0.2431,0.5106,1.0648,0.0541,0.4782,0.3048,4.4763,0.3073,0.9445,0.7038,0.0589,0.3678,0.2256,3.1026,0.042,0.151,1.2187,0.6528,0.1337,278.4974,6.1762
258,01.04.2022,3.3646,2.5285,3.5853,4.8439,0.2026,0.6648,0.2449,4.9454,5.8762,1.3455,3.6562,0.2431,0.5106,1.0648,0.0541,0.4782,0.3048,4.4763,0.3073,0.9445,0.7038,0.0589,0.3678,0.2256,3.1026,0.042,0.151,1.2187,0.6528,0.1337,278.4974,6.1762
259,01.04.2022,3.3646,2.5285,3.5853,4.8439,0.2026,0.6648,0.2449,4.9454,5.8762,1.3455,3.6562,0.2431,0.5106,1.0648,0.0541,0.4782,0.3048,4.4763,0.3073,0.9445,0.7038,0.0589,0.3678,0.2256,3.1026,0.042,0.151,1.2187,0.6528,0.1337,278.4974,6.1762
260,01.04.2022,3.3646,2.5285,3.5853,4.8439,0.2026,0.6648,0.2449,4.9454,5.8762,1.3455,3.6562,0.2431,0.5106,1.0648,0.0541,0.4782,0.3048,4.4763,0.3073,0.9445,0.7038,0.0589,0.3678,0.2256,3.1026,0.042,0.151,1.2187,0.6528,0.1337,278.4974,6.1762
261,01.04.2022,3.3646,2.5285,3.5853,4.8439,0.2026,0.6648,0.2449,4.9454,5.8762,1.3455,3.6562,0.2431,0.5106,1.0648,0.0541,0.4782,0.3048,4.4763,0.3073,0.9445,0.7038,0.0589,0.3678,0.2256,3.1026,0.042,0.151,1.2187,0.6528,0.1337,278.4974,6.1762
262,01.04.2022,3.3646,2.5285,3.5853,4.8439,0.2026,0.6648,0.2449,4.9454,5.8762,1.3455,3.6562,0.2431,0.5106,1.0648,0.0541,0.4782,0.3048,4.4763,0.3073,0.9445,0.7038,0.0589,0.3678,0.2256,3.1026,0.042,0.151,1.2187,0.6528,0.1337,278.4974,6.1762
263,01.04.2022,3.3646,2.5285,3.5853,4.8439,0.2026,0.6648,0.2449,4.9454,5.8762,1.3455,3.6562,0.2431,0.5106,1.0648,0.0541,0.4782,0.3048,4.4763,0.3073,0.9445,0.7038,0.0589,0.3678,0.2256,3.1026,0.042,0.151,1.2187,0.6528,0.1337,278.4974,6.1762
264,31.03.2022,3.3307,2.5291,3.5514,4.8196,0.2023,0.665,0.2433,4.9466,5.8374,1.337,3.6479,0.2426,0.5101,1.0627,0.0546,0.4783,0.3034,4.4508,0.3068,0.9329,0.7018,0.0588,0.367,0.224,3.0854,0.042,0.1507,1.2117,0.6531,0.1338,275.4789,6.1553
265,31.03.2022,3.3307,2.5291,3.5514,4.8196,0.2023,0.665,0.2433,4.9466,5.8374,1.337,3.6479,0.2426,0.5101,1.0627,0.0546,0.4783,0.3034,4.4508,0.3068,0.9329,0.7018,0.0588,0.367,0.224,3.0854,0.042,0.1507,1.2117,0.6531,0.1338,275.4789,6.1553
266,31.03.2022,3.3307,2.5291,3.5514,4.8196,0.2023,0.665,0.2433,4.9466,5.8374,1.337,3.6479,0.2426,0.5101,1.0627,0.0546,0.4783,0.3034,4.4508,0.3068,0.9329,0.7018,0.0588,0.367,0.224,3.0854,0.042,0.1507,1.2117,0.6531,0.1338,275.4789,6.1553
267,31.03.2022,3.3307,2.5291,3.5514,4.8196,0.2023,0.665,0.2433,4.9466,5.8374,1.337,3.6479,0.2426,0.5101,1.0627,0.0546,0.4783,0.3034,4.4508,0.3068,0.9329,0.7018,0.0588,0.367,0.224,3.0854,0.042,0.1507,1.2117,0.6531,0.1338,275.4789,6.1553
268,31.03.2022,3.3307,2.5291,3.5514,4.8196,0.2023,0.665,0.2433,4.9466,5.8374,1.337,3.6479,0.2426,0.5101,1.0627,0.0546,0.4783,0.3034,4.4508,0.3068,0.9329,0.7018,0.0588,0.367,0.224,3.0854,0.042,0.1507,1.2117,0.6531,0.1338,275.4789,6.1553
269,31.03.2022,3.3307,2.5291,3.5514,4.8196,0.2023,0.665,0.2433,4.9466,5.8374,1.337,3.6479,0.2426,0.5101,1.0627,0.0546,0.4783,0.3034,4.4508,0.3068,0.9329,0.7018,0.0588,0.367,0.224,3.0854,0.042,0.1507,1.2117,0.6531,0.1338,275.4789,6.1553
270,31.03.2022,3.3307,2.5291,3.5514,4.8196,0.2023,0.665,0.2433,4.9466,5.8374,1.337,3.6479,0.2426,0.5101,1.0627,0.0546,0.4783,0.3034,4.4508,0.3068,0.9329,0.7018,0.0588,0.367,0.224,3.0854,0.042,0.1507,1.2117,0.6531,0.1338,275.4789,6.1553
271,31.03.2022,3.3307,2.5291,3.5514,4.8196,0.2023,0.665,0.2433,4.9466,5.8374,1.337,3.6479,0.2426,0.5101,1.0627,0.0546,0.4783,0.3034,4.4508,0.3068,0.9329,0.7018,0.0588,0.367,0.224,3.0854,0.042,0.1507,1.2117,0.6531,0.1338,275.4789,6.1553
272,31.03.2022,3.3307,2.5291,3.5514,4.8196,0.2023,0.665,0.2433,4.9466,5.8374,1.337,3.6479,0.2426,0.5101,1.0627,0.0546,0.4783,0.3034,4.4508,0.3068,0.9329,0.7018,0.0588,0.367,0.224,3.0854,0.042,0.1507,1.2117,0.6531,0.1338,275.4789,6.1553
273,31.03.2022,3.3307,2.5291,3.5514,4.8196,0.2023,0.665,0.2433,4.9466,5.8374,1.337,3.6479,0.2426,0.5101,1.0627,0.0546,0.4783,0.3034,4.4508,0.3068,0.9329,0.7018,0.0588,0.367,0.224,3.0854,0.042,0.1507,1.2117,0.6531,0.1338,275.4789,6.1553
274,31.03.2022,3.3307,2.5291,3.5514,4.8196,0.2023,0.665,0.2433,4.9466,5.8374,1.337,3.6479,0.2426,0.5101,1.0627,0.0546,0.4783,0.3034,4.4508,0.3068,0.9329,0.7018,0.0588,0.367,0.224,3.0854,0.042,0.1507,1.2117,0.6531,0.1338,275.4789,6.1553
275,31.03.2022,3.3307,2.5291,3.5514,4.8196,0.2023,0.665,0.2433,4.9466,5.8374,1.337,3.6479,0.2426,0.5101,1.0627,0.0546,0.4783,0.3034,4.4508,0.3068,0.9329,0.7018,0.0588,0.367,0.224,3.0854,0.042,0.1507,1.2117,0.6531,0.1338,275.4789,6.1553
276,31.03.2022,3.3307,2.5291,3.5514,4.8196,0.2023,0.665,0.2433,4.9466,5.8374,1.337,3.6479,0.2426,0.5101,1.0627,0.0546,0.4783,0.3034,4.4508,0.3068,0.9329,0.7018,0.0588,0.367,0.224,3.0854,0.042,0.1507,1.2117,0.6531,0.1338,275.4789,6.1553
277,31.03.2022,3.3307,2.5291,3.5514,4.8196,0.2023,0.665,0.2433,4.9466,5.8374,1.337,3.6479,0.2426,0.5101,1.0627,0.0546,0.4783,0.3034,4.4508,0.3068,0.9329,0.7018,0.0588,0.367,0.224,3.0854,0.042,0.1507,1.2117,0.6531,0.1338,275.4789,6.1553
278,31.03.2022,3.3307,2.5291,3.5514,4.8196,0.2023,0.665,0.2433,4.9466,5.8374,1.337,3.6479,0.2426,0.5101,1.0627,0.0546,0.4783,0.3034,4.4508,0.3068,0.9329,0.7018,0.0588,0.367,0.224,3.0854,0.042,0.1507,1.2117,0.6531,0.1338,275.4789,6.1553
279,31.03.2022,3.3307,2.5291,3.5514,4.8196,0.2023,0.665,0.2433,4.9466,5.8374,1.337,3.6479,0.2426,0.5101,1.0627,0.0546,0.4783,0.3034,4.4508,0.3068,0.9329,0.7018,0.0588,0.367,0.224,3.0854,0.042,0.1507,1.2117,0.6531,0.1338,275.4789,6.1553
280,31.03.2022,3.3307,2.5291,3.5514,4.8196,0.2023,0.665,0.2433,4.9466,5.8374,1.337,3.6479,0.2426,0.5101,1.0627,0.0546,0.4783,0.3034,4.4508,0.3068,0.9329,0.7018,0.0588,0.367,0.224,3.0854,0.042,0.1507,1.2117,0.6531,0.1338,275.4789,6.1553
281,31.03.2022,3.3307,2.5291,3.5514,4.8196,0.2023,0.665,0.2433,4.9466,5.8374,1.337,3.6479,0.2426,0.5101,1.0627,0.0546,0.4783,0.3034,4.4508,0.3068,0.9329,0.7018,0.0588,0.367,0.224,3.0854,0.042,0.1507,1.2117,0.6531,0.1338,275.4789,6.1553
282,31.03.2022,3.3307,2.5291,3.5514,4.8196,0.2023,0.665,0.2433,4.9466,5.8374,1.337,3.6479,0.2426,0.5101,1.0627,0.0546,0.4783,0.3034,4.4508,0.3068,0.9329,0.7018,0.0588,0.367,0.224,3.0854,0.042,0.1507,1.2117,0.6531,0.1338,275.4789,6.1553
283,31.03.2022,3.3307,2.5291,3.5514,4.8196,0.2023,0.665,0.2433,4.9466,5.8374,1.337,3.6479,0.2426,0.5101,1.0627,0.0546,0.4783,0.3034,4.4508,0.3068,0.9329,0.7018,0.0588,0.367,0.224,3.0854,0.042,0.1507,1.2117,0.6531,0.1338,275.4789,6.1553
284,31.03.2022,3.3307,2.5291,3.5514,4.8196,0.2023,0.665,0.2433,4.9466,5.8374,1.337,3.6479,0.2426,0.5101,1.0627,0.0546,0.4783,0.3034,4.4508,0.3068,0.9329,0.7018,0.0588,0.367,0.224,3.0854,0.042,0.1507,1.2117,0.6531,0.1338,275.4789,6.1553
285,31.03.2022,3.3307,2.5291,3.5514,4.8196,0.2023,0.665,0.2433,4.9466,5.8374,1.337,3.6479,0.2426,0.5101,1.0627,0.0546,0.4783,0.3034,4.4508,0.3068,0.9329,0.7018,0.0588,0.367,0.224,3.0854,0.042,0.1507,1.2117,0.6531,0.1338,275.4789,6.1553
286,31.03.2022,3.3307,2.5291,3.5514,4.8196,0.2023,0.665,0.2433,4.9466,5.8374,1.337,3.6479,0.2426,0.5101,1.0627,0.0546,0.4783,0.3034,4.4508,0.3068,0.9329,0.7018,0.0588,0.367,0.224,3.0854,0.042,0.1507,1.2117,0.6531,0.1338,275.4789,6.1553
287,31.03.2022,3.3307,2.5291,3.5514,4.8196,0.2023,0.665,0.2433,4.9466,5.8374,1.337,3.6479,0.2426,0.5101,1.0627,0.0546,0.4783,0.3034,4.4508,0.3068,0.9329,0.7018,0.0588,0.367,0.224,3.0854,0.042,0.1507,1.2117,0.6531,0.1338,275.4789,6.1553
288,31.03.2022,3.3307,2.5291,3.5514,4.8196,0.2023,0.665,0.2433,4.9466,5.8374,1.337,3.6479,0.2426,0.5101,1.0627,0.0546,0.4783,0.3034,4.4508,0.3068,0.9329,0.7018,0.0588,0.367,0.224,3.0854,0.042,0.1507,1.2117,0.6531,0.1338,275.4789,6.1553
289,31.03.2022,3.3307,2.5291,3.5514,4.8196,0.2023,0.665,0.2433,4.9466,5.8374,1.337,3.6479,0.2426,0.5101,1.0627,0.0546,0.4783,0.3034,4.4508,0.3068,0.9329,0.7018,0.0588,0.367,0.224,3.0854,0.042,0.1507,1.2117,0.6531,0.1338,275.4789,6.1553
290,31.03.2022,3.3307,2.5291,3.5514,4.8196,0.2023,0.665,0.2433,4.9466,5.8374,1.337,3.6479,0.2426,0.5101,1.0627,0.0546,0.4783,0.3034,4.4508,0.3068,0.9329,0.7018,0.0588,0.367,0.224,3.0854,0.042,0.1507,1.2117,0.6531,0.1338,275.4789,6.1553
291,31.03.2022,3.3307,2.5291,3.5514,4.8196,0.2023,0.665,0.2433,4.9466,5.8374,1.337,3.6479,0.2426,0.5101,1.0627,0.0546,0.4783,0.3034,4.4508,0.3068,0.9329,0.7018,0.0588,0.367,0.224,3.0854,0.042,0.1507,1.2117,0.6531,0.1338,275.4789,6.1553
292,31.03.2022,3.3307,2.5291,3.5514,4.8196,0.2023,0.665,0.2433,4.9466,5.8374,1.337,3.6479,0.2426,0.5101,1.0627,0.0546,0.4783,0.3034,4.4508,0.3068,0.9329,0.7018,0.0588,0.367,0.224,3.0854,0.042,0.1507,1.2117,0.6531,0.1338,275.4789,6.1553
293,31.03.2022,3.3307,2.5291,3.5514,4.8196,0.2023,0.665,0.2433,4.9466,5.8374,1.337,3.6479,0.2426,0.5101,1.0627,0.0546,0.4783,0.3034,4.4508,0.3068,0.9329,0.7018,0.0588,0.367,0.224,3.0854,0.042,0.1507,1.2117,0.6531,0.1338,275.4789,6.1553
294,31.03.2022,3.3307,2.5291,3.5514,4.8196,0.2023,0.665,0.2433,4.9466,5.8374,1.337,3.6479,0.2426,0.5101,1.0627,0.0546,0.4783,0.3034,4.4508,0.3068,0.9329,0.7018,0.0588,0.367,0.224,3.0854,0.042,0.1507,1.2117,0.6531,0.1338,275.4789,6.1553
295,31.03.2022,3.3307,2.5291,3.5514,4.8196,0.2023,0.665,0.2433,4.9466,5.8374,1.337,3.6479,0.2426,0.5101,1.0627,0.0546,0.4783,0.3034,4.4508,0.3068,0.9329,0.7018,0.0588,0.367,0.224,3.0854,0.042,0.1507,1.2117,0.6531,0.1338,275.4789,6.1553
296,31.03.2022,3.3307,2.5291,3.5514,4.8196,0.2023,0.665,0.2433,4.9466,5.8374,1.337,3.6479,0.2426,0.5101,1.0627,0.0546,0.4783,0.3034,4.4508,0.3068,0.9329,0.7018,0.0588,0.367,0.224,3.0854,0.042,0.1507,1.2117,0.6531,0.1338,275.4789,6.1553
297,30.03.2022,3.3306,2.5293,3.5543,4.7924,0.2024,0.6652,0.2432,4.947,5.833,1.3484,3.6414,0.2443,0.5127,1.0638,0.0526,0.4786,0.3026,4.4372,0.3067,0.9326,0.6986,0.0585,0.3669,0.2229,3.0931,0.042,0.1509,1.208,0.6535,0.1332,273.8176,6.1432
298,30.03.2022,3.3306,2.5293,3.5543,4.7924,0.2024,0.6652,0.2432,4.947,5.833,1.3484,3.6414,0.2443,0.5127,1.0638,0.0526,0.4786,0.3026,4.4372,0.3067,0.9326,0.6986,0.0585,0.3669,0.2229,3.0931,0.042,0.1509,1.208,0.6535,0.1332,273.8176,6.1432
299,30.03.2022,3.3306,2.5293,3.5543,4.7924,0.2024,0.6652,0.2432,4.947,5.833,1.3484,3.6414,0.2443,0.5127,1.0638,0.0526,0.4786,0.3026,4.4372,0.3067,0.9326,0.6986,0.0585,0.3669,0.2229,3.0931,0.042,0.1509,1.208,0.6535,0.1332,273.8176,6.1432
300,30.03.2022,3.3306,2.5293,3.5543,4.7924,0.2024,0.6652,0.2432,4.947,5.833,1.3484,3.6414,0.2443,0.5127,1.0638,0.0526,0.4786,0.3026,4.4372,0.3067,0.9326,0.6986,0.0585,0.3669,0.2229,3.0931,0.042,0.1509,1.208,0.6535,0.1332,273.8176,6.1432
301,30.03.2022,3.3306,2.5293,3.5543,4.7924,0.2024,0.6652,0.2432,4.947,5.833,1.3484,3.6414,0.2443,0.5127,1.0638,0.0526,0.4786,0.3026,4.4372,0.3067,0.9326,0.6986,0.0585,0.3669,0.2229,3.0931,0.042,0.1509,1.208,0.6535,0.1332,273.8176,6.1432
302,30.03.2022,3.3306,2.5293,3.5543,4.7924,0.2024,0.6652,0.2432,4.947,5.833,1.3484,3.6414,0.2443,0.5127,1.0638,0.0526,0.4786,0.3026,4.4372,0.3067,0.9326,0.6986,0.0585,0.3669,0.2229,3.0931,0.042,0.1509,1.208,0.6535,0.1332,273.8176,6.1432
303,30.03.2022,3.3306,2.5293,3.5543,4.7924,0.2024,0.6652,0.2432,4.947,5.833,1.3484,3.6414,0.2443,0.5127,1.0638,0.0526,0.4786,0.3026,4.4372,0.3067,0.9326,0.6986,0.0585,0.3669,0.2229,3.0931,0.042,0.1509,1.208,0.6535,0.1332,273.8176,6.1432
304,30.03.2022,3.3306,2.5293,3.5543,4.7924,0.2024,0.6652,0.2432,4.947,5.833,1.3484,3.6414,0.2443,0.5127,1.0638,0.0526,0.4786,0.3026,4.4372,0.3067,0.9326,0.6986,0.0585,0.3669,0.2229,3.0931,0.042,0.1509,1.208,0.6535,0.1332,273.8176,6.1432
305,30.03.2022,3.3306,2.5293,3.5543,4.7924,0.2024,0.6652,0.2432,4.947,5.833,1.3484,3.6414,0.2443,0.5127,1.0638,0.0526,0.4786,0.3026,4.4372,0.3067,0.9326,0.6986,0.0585,0.3669,0.2229,3.0931,0.042,0.1509,1.208,0.6535,0.1332,273.8176,6.1432
306,30.03.2022,3.3306,2.5293,3.5543,4.7924,0.2024,0.6652,0.2432,4.947,5.833,1.3484,3.6414,0.2443,0.5127,1.0638,0.0526,0.4786,0.3026,4.4372,0.3067,0.9326,0.6986,0.0585,0.3669,0.2229,3.0931,0.042,0.1509,1.208,0.6535,0.1332,273.8176,6.1432
307,30.03.2022,3.3306,2.5293,3.5543,4.7924,0.2024,0.6652,0.2432,4.947,5.833,1.3484,3.6414,0.2443,0.5127,1.0638,0.0526,0.4786,0.3026,4.4372,0.3067,0.9326,0.6986,0.0585,0.3669,0.2229,3.0931,0.042,0.1509,1.208,0.6535,0.1332,273.8176,6.1432
308,30.03.2022,3.3306,2.5293,3.5543,4.7924,0.2024,0.6652,0.2432,4.947,5.833,1.3484,3.6414,0.2443,0.5127,1.0638,0.0526,0.4786,0.3026,4.4372,0.3067,0.9326,0.6986,0.0585,0.3669,0.2229,3.0931,0.042,0.1509,1.208,0.6535,0.1332,273.8176,6.1432
309,30.03.2022,3.3306,2.5293,3.5543,4.7924,0.2024,0.6652,0.2432,4.947,5.833,1.3484,3.6414,0.2443,0.5127,1.0638,0.0526,0.4786,0.3026,4.4372,0.3067,0.9326,0.6986,0.0585,0.3669,0.2229,3.0931,0.042,0.1509,1.208,0.6535,0.1332,273.8176,6.1432
310,30.03.2022,3.3306,2.5293,3.5543,4.7924,0.2024,0.6652,0.2432,4.947,5.833,1.3484,3.6414,0.2443,0.5127,1.0638,0.0526,0.4786,0.3026,4.4372,0.3067,0.9326,0.6986,0.0585,0.3669,0.2229,3.0931,0.042,0.1509,1.208,0.6535,0.1332,273.8176,6.1432
311,30.03.2022,3.3306,2.5293,3.5543,4.7924,0.2024,0.6652,0.2432,4.947,5.833,1.3484,3.6414,0.2443,0.5127,1.0638,0.0526,0.4786,0.3026,4.4372,0.3067,0.9326,0.6986,0.0585,0.3669,0.2229,3.0931,0.042,0.1509,1.208,0.6535,0.1332,273.8176,6.1432
312,30.03.2022,3.3306,2.5293,3.5543,4.7924,0.2024,0.6652,0.2432,4.947,5.833,1.3484,3.6414,0.2443,0.5127,1.0638,0.0526,0.4786,0.3026,4.4372,0.3067,0.9326,0.6986,0.0585,0.3669,0.2229,3.0931,0.042,0.1509,1.208,0.6535,0.1332,273.8176,6.1432
313,30.03.2022,3.3306,2.5293,3.5543,4.7924,0.2024,0.6652,0.2432,4.947,5.833,1.3484,3.6414,0.2443,0.5127,1.0638,0.0526,0.4786,0.3026,4.4372,0.3067,0.9326,0.6986,0.0585,0.3669,0.2229,3.0931,0.042,0.1509,1.208,0.6535,0.1332,273.8176,6.1432
314,30.03.2022,3.3306,2.5293,3.5543,4.7924,0.2024,0.6652,0.2432,4.947,5.833,1.3484,3.6414,0.2443,0.5127,1.0638,0.0526,0.4786,0.3026,4.4372,0.3067,0.9326,0.6986,0.0585,0.3669,0.2229,3.0931,0.042,0.1509,1.208,0.6535,0.1332,273.8176,6.1432
315,30.03.2022,3.3306,2.5293,3.5543,4.7924,0.2024,0.6652,0.2432,4.947,5.833,1.3484,3.6414,0.2443,0.5127,1.0638,0.0526,0.4786,0.3026,4.4372,0.3067,0.9326,0.6986,0.0585,0.3669,0.2229,3.0931,0.042,0.1509,1.208,0.6535,0.1332,273.8176,6.1432
316,30.03.2022,3.3306,2.5293,3.5543,4.7924,0.2024,0.6652,0.2432,4.947,5.833,1.3484,3.6414,0.2443,0.5127,1.0638,0.0526,0.4786,0.3026,4.4372,0.3067,0.9326,0.6986,0.0585,0.3669,0.2229,3.0931,0.042,0.1509,1.208,0.6535,0.1332,273.8176,6.1432
317,30.03.2022,3.3306,2.5293,3.5543,4.7924,0.2024,0.6652,0.2432,4.947,5.833,1.3484,3.6414,0.2443,0.5127,1.0638,0.0526,0.4786,0.3026,4.4372,0.3067,0.9326,0.6986,0.0585,0.3669,0.2229,3.0931,0.042,0.1509,1.208,0.6535,0.1332,273.8176,6.1432
318,30.03.2022,3.3306,2.5293,3.5543,4.7924,0.2024,0.6652,0.2432,4.947,5.833,1.3484,3.6414,0.2443,0.5127,1.0638,0.0526,0.4786,0.3026,4.4372,0.3067,0.9326,0.6986,0.0585,0.3669,0.2229,3.0931,0.042,0.1509,1.208,0.6535,0.1332,273.8176,6.1432
319,30.03.2022,3.3306,2.5293,3.5543,4.7924,0.2024,0.6652,0.2432,4.947,5.833,1.3484,3.6414,0.2443,0.5127,1.0638,0.0526,0.4786,0.3026,4.4372,0.3067,0.9326,0.6986,0.0585,0.3669,0.2229,3.0931,0.042,0.1509,1.208,0.6535,0.1332,273.8176,6.1432
320,30.03.2022,3.3306,2.5293,3.5543,4.7924,0.2024,0.6652,0.2432,4.947,5.833,1.3484,3.6414,0.2443,0.5127,1.0638,0.0526,0.4786,0.3026,4.4372,0.3067,0.9326,0.6986,0.0585,0.3669,0.2229,3.0931,0.042,0.1509,1.208,0.6535,0.1332,273.8176,6.1432
321,30.03.2022,3.3306,2.5293,3.5543,4.7924,0.2024,0.6652,0.2432,4.947,5.833,1.3484,3.6414,0.2443,0.5127,1.0638,0.0526,0.4786,0.3026,4.4372,0.3067,0.9326,0.6986,0.0585,0.3669,0.2229,3.0931,0.042,0.1509,1.208,0.6535,0.1332,273.8176,6.1432
322,30.03.2022,3.3306,2.5293,3.5543,4.7924,0.2024,0.6652,0.2432,4.947,5.833,1.3484,3.6414,0.2443,0.5127,1.0638,0.0526,0.4786,0.3026,4.4372,0.3067,0.9326,0.6986,0.0585,0.3669,0.2229,3.0931,0.042,0.1509,1.208,0.6535,0.1332,273.8176,6.1432
323,30.03.2022,3.3306,2.5293,3.5543,4.7924,0.2024,0.6652,0.2432,4.947,5.833,1.3484,3.6414,0.2443,0.5127,1.0638,0.0526,0.4786,0.3026,4.4372,0.3067,0.9326,0.6986,0.0585,0.3669,0.2229,3.0931,0.042,0.1509,1.208,0.6535,0.1332,273.8176,6.1432
324,30.03.2022,3.3306,2.5293,3.5543,4.7924,0.2024,0.6652,0.2432,4.947,5.833,1.3484,3.6414,0.2443,0.5127,1.0638,0.0526,0.4786,0.3026,4.4372,0.3067,0.9326,0.6986,0.0585,0.3669,0.2229,3.0931,0.042,0.1509,1.208,0.6535,0.1332,273.8176,6.1432
325,30.03.2022,3.3306,2.5293,3.5543,4.7924,0.2024,0.6652,0.2432,4.947,5.833,1.3484,3.6414,0.2443,0.5127,1.0638,0.0526,0.4786,0.3026,4.4372,0.3067,0.9326,0.6986,0.0585,0.3669,0.2229,3.0931,0.042,0.1509,1.208,0.6535,0.1332,273.8176,6.1432
326,30.03.2022,3.3306,2.5293,3.5543,4.7924,0.2024,0.6652,0.2432,4.947,5.833,1.3484,3.6414,0.2443,0.5127,1.0638,0.0526,0.4786,0.3026,4.4372,0.3067,0.9326,0.6986,0.0585,0.3669,0.2229,3.0931,0.042,0.1509,1.208,0.6535,0.1332,273.8176,6.1432
327,30.03.2022,3.3306,2.5293,3.5543,4.7924,0.2024,0.6652,0.2432,4.947,5.833,1.3484,3.6414,0.2443,0.5127,1.0638,0.0526,0.4786,0.3026,4.4372,0.3067,0.9326,0.6986,0.0585,0.3669,0.2229,3.0931,0.042,0.1509,1.208,0.6535,0.1332,273.8176,6.1432
328,30.03.2022,3.3306,2.5293,3.5543,4.7924,0.2024,0.6652,0.2432,4.947,5.833,1.3484,3.6414,0.2443,0.5127,1.0638,0.0526,0.4786,0.3026,4.4372,0.3067,0.9326,0.6986,0.0585,0.3669,0.2229,3.0931,0.042,0.1509,1.208,0.6535,0.1332,273.8176,6.1432
329,30.03.2022,3.3306,2.5293,3.5543,4.7924,0.2024,0.6652,0.2432,4.947,5.833,1.3484,3.6414,0.2443,0.5127,1.0638,0.0526,0.4786,0.3026,4.4372,0.3067,0.9326,0.6986,0.0585,0.3669,0.2229,3.0931,0.042,0.1509,1.208,0.6535,0.1332,273.8176,6.1432
